日期,开盘,收盘,最高,最低,成交量
2021-03-01,48.2528978,48.82566456,48.901313,47.18301272,14647099
2021-03-02,49.4686763,48.99857528,50.1441088,48.6851746,12847744
2021-03-03,48.63114,49.9009531,50.24137108,48.01514556,9758185
2021-03-04,49.5497282,47.53423762,49.67400778,47.24245078,13294893
2021-03-05,46.82638436,48.12321476,48.63114,46.739929,8561552
2021-03-08,48.66356076,45.68085084,48.7932438,45.0108218,16412500
2021-03-09,45.57278164,46.0915138,47.010102,44.91355952,11977127
2021-03-10,46.6318598,45.80513042,47.48560648,45.389064,9463611
2021-03-11,45.98884806,46.37789718,46.76154284,45.6052024,7095128
2021-03-12,46.9020328,47.4423788,47.4693961,45.81593734,10557884
2021-03-15,46.2266003,47.3883442,47.76118294,46.2266003,9552926
2021-03-16,46.98848816,46.32386258,47.7665864,45.71867506,10901401
2021-03-17,46.2536176,48.360967,48.40959814,45.389064,11907586
2021-03-18,48.62573654,48.090794,48.8472784,47.72876218,10081648
2021-03-19,47.5234307,45.93481346,47.5234307,45.92941,14516267
2021-03-22,46.1185311,47.22083694,47.48020302,45.99965498,7290392
2021-03-23,46.96687432,45.59979894,47.4964134,45.26478442,12544914
2021-03-24,45.659237,44.72984188,45.88618232,44.4704758,8695490
2021-03-25,44.54072078,44.71903496,45.4971332,43.29792498,8669573
2021-03-26,44.54072078,45.6862543,46.199583,44.53531732,8500439
2021-03-29,45.96723422,44.4704758,45.9834446,44.038199,12924512
2021-03-30,44.4704758,45.02162872,45.58899202,44.3624066,10210195
2021-03-31,44.88113876,45.389064,45.61600932,44.6325796,6590979
2021-04-01,45.2269602,45.7132716,45.80513042,45.10268062,6243549
2021-04-02,45.8213408,45.81053388,46.16175878,45.50253666,6068807
2021-04-06,45.8213408,46.469756,46.58863212,45.2809948,6221357
2021-04-07,46.17796916,45.5781851,46.2536176,44.74605226,8734329
2021-04-08,45.36745016,45.4971332,46.05368958,45.01622526,7127092
2021-04-09,45.92941,44.76226264,45.92941,44.21651318,7157676
2021-04-12,44.24353048,44.18949588,44.9567872,43.30332844,10412665
2021-04-13,43.9301298,43.81125368,44.38402044,43.5248703,6577321
2021-04-14,43.8220606,44.4164412,44.62717614,43.44922186,7208409
2021-04-15,44.40563428,44.67580728,44.7946834,44.0922336,3967243
2021-04-16,44.83791108,44.4704758,45.37285362,44.31917892,4965018
2021-04-19,44.578545,46.72912208,46.88582242,44.578545,13532442
2021-04-20,46.71831516,47.3883442,49.11204794,46.71831516,15408966
2021-04-21,47.19381964,46.75073592,47.63690336,46.24281068,7465264
2021-04-22,47.01550546,47.79900716,48.24209088,46.85340166,8774978
2021-04-23,47.550448,47.7125518,48.16103898,47.23164386,5795866
2021-04-26,47.7665864,46.91283972,48.61492962,46.70750824,7731090
2021-04-27,47.73416564,48.78784034,49.21471368,47.68013104,15672115
2021-04-28,48.63114,50.4412991,50.4683164,47.93409366,17687343
2021-04-29,50.1711261,51.10052122,51.15995928,48.9553476,15088485
2021-04-30,50.79792746,49.65239394,51.08431084,49.59835934,7815934
2021-05-06,49.6037628,48.64735038,49.6037628,47.820621,7212526
2021-05-07,48.64194692,47.010102,48.87969916,46.84259474,7469112
2021-05-10,47.280275,46.199583,47.66932412,45.76190274,6827764
2021-05-11,45.72407852,45.94562038,46.0915138,45.24317058,6285396
2021-05-12,45.80513042,46.0915138,46.23200376,45.21615328,5922494
2021-05-13,45.8213408,45.4430986,45.92941,45.15671522,5066317
2021-05-14,45.32422248,47.16680234,47.31809922,45.07566332,10085461
2021-05-17,46.69670132,47.93409366,49.11204794,46.64266672,9953134
2021-05-18,47.9286902,48.090794,48.37717738,47.08575044,5155975
2021-05-19,48.090794,48.5230708,48.71759536,46.99389162,7819167
2021-05-20,48.5230708,49.74965622,50.252178,48.1448286,10433161
2021-05-21,49.92256694,48.09619746,50.1981434,47.820621,8101423
2021-05-24,48.62033308,49.6307801,49.711832,48.39879122,7886542
2021-05-25,49.6307801,53.224081,53.38078134,49.28495866,21019741
2021-05-26,53.47264016,52.50542082,54.34259722,52.143389,13137591
2021-05-27,52.4675966,51.37609768,52.8998734,50.88438282,13529763
2021-05-28,51.10592468,50.6304202,51.33287,49.80909428,12124402
2021-05-31,50.60880636,50.72768248,50.9546278,49.982005,12174533
2021-06-01,50.26298492,49.6037628,50.78171708,49.16067908,13051253
2021-06-02,49.77127006,48.18805628,49.86853234,47.8746556,15920608
2021-06-03,48.360967,47.42076496,48.5230708,47.32350268,11383698
2021-06-04,47.280275,47.48560648,48.27451164,47.010102,12658930
2021-06-07,47.53964108,47.91788328,48.02054902,47.2262404,10522682
2021-06-08,48.0367594,48.20426666,48.360967,47.4693961,10029276
2021-06-09,48.090794,48.090794,48.50686042,47.70174488,7173454
2021-06-10,47.48560648,48.06918016,48.5230708,47.48020302,11161619
2021-06-11,48.06918016,47.4423788,48.62573654,46.94526048,12936866
2021-06-15,47.02631238,48.9553476,49.171486,46.93445356,17274571
2021-06-16,48.63114,47.8476383,49.64699048,47.55585146,12770255
2021-06-17,47.4964134,47.820621,48.48524658,47.3883442,7662811
2021-06-18,47.7125518,46.2536176,48.2799151,45.8483581,17141226
2021-06-21,46.2536176,47.09655736,47.97732134,45.99425152,17354214
2021-06-22,47.01550546,48.07998708,48.7662265,46.5237906,12917320
2021-06-23,48.07998708,47.24245078,48.22047704,47.010102,11526628
2021-06-24,47.36673036,46.53459752,47.48560648,46.469756,7769505
2021-06-25,46.53459752,47.04792622,47.24245078,46.1455484,10009742
2021-06-28,47.13978504,47.13438158,47.3883442,46.4157214,9047081
2021-06-29,47.5234307,50.05224998,50.18733648,47.5234307,31503362
2021-06-30,49.66320086,50.3872645,50.9005932,49.17688946,15550176
2021-07-01,50.4142818,50.10628458,50.69526172,49.1444687,12676454
2021-07-02,49.711832,49.07422372,49.711832,48.9553476,11532893
2021-07-05,48.08539054,46.4157214,48.08539054,46.04288266,29960157
2021-07-06,46.4157214,46.04828612,46.86420858,45.659237,11835073
2021-07-07,46.14014494,45.59439548,46.199583,45.32962594,12397908
2021-07-08,45.7132716,45.53495742,45.96183076,45.3350294,11931677
2021-07-09,45.42148476,45.43229168,45.54576434,44.5245104,11874639
2021-07-12,45.7673062,46.18877608,46.3887041,45.48092282,13317868
2021-07-13,46.2536176,46.7939636,46.97227778,46.0374792,9148885
2021-07-14,46.97227778,46.83719128,47.48560648,46.2536176,8950506
2021-07-15,46.469756,46.739929,47.00469854,46.05368958,6508124
2021-07-16,48.087915,47.7698532,49.5873492,47.2624689,16976273
2021-07-19,46.95198,46.5960537,46.9746987,45.4828374,14104090
2021-07-20,46.573335,46.5960537,46.5960537,46.043232,7819608
2021-07-21,46.7172201,47.5502391,48.3378207,46.6717827,16124063
2021-07-22,47.860728,47.3457708,48.2242272,47.254896,12497707
2021-07-23,47.2927605,45.7857534,47.6865513,45.5358477,16723293
2021-07-26,45.588858,44.4377772,46.118961,43.619904,17092461
2021-07-27,44.7634119,40.287828,44.8845783,39.9924849,43940455
2021-07-28,39.530538,39.7501521,40.515015,38.7505293,24417001
2021-07-29,40.5528795,40.6437543,41.3631798,40.3484112,16423146
2021-07-30,40.590744,42.1886259,42.2719278,39.9773391,15791491
2021-08-02,41.6130855,41.7493977,42.9989262,41.2344405,17060027
2021-08-03,42.1583343,41.7645435,42.2643549,41.348034,11873533
2021-08-04,42.0826053,41.878137,42.3628026,41.5600752,9906544
2021-08-05,41.8402725,40.6058898,41.8402725,40.2196719,15032846
2021-08-06,40.6134627,39.5456838,40.8406497,39.151893,20120874
2021-08-09,39.151893,41.2041489,41.2874508,39.1367472,16245923
2021-08-10,40.8482226,41.1359928,41.2647321,40.287828,9661282
2021-08-11,40.9012329,40.5755982,41.2950237,40.4014215,13769255
2021-08-12,40.439286,40.0152036,40.9845348,39.833454,13975113
2021-08-13,39.984912,38.9549976,40.2348177,38.8868415,17781448
2021-08-16,38.848977,39.151893,39.5078193,38.5309152,12892895
2021-08-17,39.2200491,38.6445087,39.2957781,37.7811981,18407987
2021-08-18,38.3567385,40.1742345,40.8860871,37.9250832,30306658
2021-08-19,40.3484112,42.2264904,42.7717392,40.3484112,38410754
2021-08-20,42.029595,40.5074421,42.4006671,39.5986941,22038503
2021-08-23,40.3256925,41.8932828,42.9989262,40.3256925,24885350
2021-08-24,42.3022194,42.1659072,42.8550411,41.4616275,18026102
2021-08-25,42.3173652,43.1352384,43.544175,42.105324,19085383
2021-08-26,43.089801,41.0829825,43.089801,40.8709413,21104515
2021-08-27,41.0148264,39.4926735,41.045118,39.151893,23378011
2021-08-30,39.151893,37.8645,39.3942258,36.6679818,28671365
2021-08-31,37.485855,37.5312924,37.9629477,36.4710864,20028223
2021-09-01,37.8114897,38.0765412,38.697519,36.728565,27267918
2021-09-02,38.243145,37.1602203,38.9852892,36.9406062,27421277
2021-09-03,40.13637,40.8785142,40.8785142,40.0833597,33192433
2021-09-06,42.786885,44.3166108,44.7406932,40.8860871,70443093
2021-09-07,45.4374,44.9603073,45.664587,44.377194,43980771
2021-09-08,45.4374,45.4298271,46.7475117,44.5740894,39960928
2021-09-09,44.68011,42.483969,45.2632233,42.3022194,38773402
2021-09-10,43.1200926,42.9610617,44.3393295,42.5445522,39311870
2021-09-13,43.2033945,43.6426227,45.0208905,42.3173652,37523783
2021-09-14,44.150007,41.7115332,44.150007,41.575221,33635277
2021-09-15,41.726679,41.2268676,42.029595,40.439286,18204814
2021-09-16,40.742202,40.590744,41.0905554,40.3029738,14096717
2021-09-17,40.5755982,41.4919191,41.6433771,40.4847234,12612936
2021-09-22,40.817931,40.4468589,41.4389088,40.1742345,11646957
2021-09-23,40.666473,41.1814302,41.5373565,40.4620047,14658488
2021-09-24,41.1890031,41.3934714,41.726679,40.8027852,12829898
2021-09-27,41.1587115,41.6660958,42.7263018,41.120847,16561970
2021-09-28,42.029595,42.029595,42.256782,40.7573478,13641486
2021-09-29,41.65095,41.4616275,41.878137,40.13637,15803486
2021-09-30,41.4616275,43.3775712,44.1348612,41.120847,20178311
2021-10-08,43.4305815,44.4907875,44.68011,43.1806758,16617272
2021-10-11,44.0515593,42.9762075,44.4832146,42.9307701,14306431
2021-10-12,43.014072,43.014072,43.544175,42.332511,10704725
2021-10-13,42.938343,43.5063105,43.7562162,42.0144492,9908283
2021-10-14,42.5066877,43.2488319,43.8319452,42.5066877,7180378
2021-10-15,43.16553,44.0136948,44.2181631,42.8701869,15169375
2021-10-18,43.9834032,43.241259,44.301465,42.4612503,10982823
2021-10-19,43.2791235,44.8770054,47.5653849,43.0064991,42929565
2021-10-20,44.8770054,43.8092265,45.3465252,43.695633,18189084
2021-10-21,43.8092265,43.241259,44.4453501,43.0746552,10324078
2021-10-22,43.4002899,43.9455387,44.5665165,43.2564048,11800540
2021-10-25,43.9909761,45.4828374,45.8766282,43.5971853,15223103
2021-10-26,45.2480775,46.0810965,46.7929491,45.2253588,17072011
2021-10-27,45.891774,46.3915854,46.7626575,44.983026,12961690
2021-10-28,46.19469,45.9296385,46.8989697,45.4374,16514699
2021-10-29,45.588858,47.70927,47.9591757,45.4374,31729427
2021-11-01,48.0500505,47.1413025,48.0727692,46.3688667,16992324
2021-11-02,47.3230521,47.1337296,47.8001448,46.4824602,10999987
2021-11-03,46.9595529,46.9595529,47.5502391,46.8383865,6968140
2021-11-04,46.8156678,48.163644,48.2620917,46.573335,13223581
2021-11-05,48.087915,48.0197589,49.3071519,47.7471345,14390702
2021-11-08,48.3226749,47.0731464,48.8300592,46.8080949,11495872
2021-11-09,46.497606,46.2552732,46.497606,44.5135062,18577341
2021-11-10,46.0886694,45.513129,46.8611052,45.1496298,10621379
2021-11-11,45.361671,46.9444071,47.0882922,44.8845783,12550870
2021-11-12,46.9216884,47.7244158,48.7997676,46.9216884,13691193
2021-11-15,47.9818944,48.012186,48.693747,46.8611052,11366768
2021-11-16,48.012186,47.027709,48.4514142,46.7096472,9274919
2021-11-17,46.7096472,46.8459594,47.4669372,46.6187724,6615716
2021-11-18,46.421877,44.5135062,46.5960537,44.2030173,18751922
2021-11-19,44.4074856,44.377194,44.8694325,44.150007,8313480
2021-11-22,44.3393295,43.847091,44.6573913,43.5517479,17226968
2021-11-23,43.92282,44.5740894,44.9527344,43.6047582,14803928
2021-11-24,44.983026,43.7940807,45.134484,43.619904,10791217
2021-11-25,44.150007,43.16553,44.150007,42.862614,9586078
2021-11-26,43.16553,43.2791235,43.695633,42.4612503,7848388
2021-11-29,43.089801,44.1651528,44.3696211,43.0292178,14333162
2021-11-30,44.301465,44.2333089,44.9678802,43.92282,9968557
2021-12-01,44.2636005,44.3393295,45.0511821,44.074278,8642190
2021-12-02,44.2787463,43.8092265,44.528652,43.6653414,8400273
2021-12-03,44.0061219,44.4907875,44.7937035,43.92282,8581151
2021-12-06,44.4983604,44.5513707,45.4146813,44.3317566,10836301
2021-12-07,44.983026,45.4374,45.6494412,44.755839,13217965
2021-12-08,45.4222542,46.3991583,46.8611052,45.0966195,13292824
2021-12-09,46.2022629,47.5199475,48.5271432,46.2022629,18856861
2021-12-10,47.4593643,46.9822716,47.4593643,46.2552732,11303915
2021-12-13,47.330625,47.6411139,49.2162771,47.0731464,15765488
2021-12-14,47.5275204,48.012186,48.012186,47.3003334,9624976
2021-12-15,48.1257795,47.3987811,48.163644,47.330625,9499527
2021-12-16,48.012186,47.6638326,48.012186,46.95198,6964111
2021-12-17,47.70927,47.4669372,48.0197589,47.179167,6869689
2021-12-20,47.4669372,47.179167,48.1484982,46.95198,8936900
2021-12-21,47.4366456,48.5952993,48.618018,47.0049903,16201460
2021-12-22,48.693747,48.1560711,49.1329752,48.0954879,13363052
2021-12-23,48.1560711,48.4741329,49.2617145,48.1560711,14184581
2021-12-24,48.4362684,48.239373,48.4817058,47.5729578,9705189
2021-12-27,48.2696646,47.254896,48.390831,46.9444071,7460424
2021-12-28,47.633541,48.1030608,48.4286955,47.330625,7696007
2021-12-29,48.1030608,47.254896,48.315102,46.7323659,7046809
2021-12-30,47.2170315,46.800522,47.784999,46.3082835,10361493
2021-12-31,46.9595529,47.0655735,47.4442185,46.5960537,8065896
2022-01-04,47.1110109,47.3079063,47.7016971,46.270419,10676344
2022-01-05,47.6183952,47.557812,48.3832581,47.3381979,9742797
2022-01-06,47.4896559,45.1723485,47.4896559,44.983026,14775840
2022-01-07,45.2026401,44.528652,45.588858,44.4832146,10866024
2022-01-10,44.452923,44.6649642,45.0663279,44.301465,7947242
2022-01-11,44.5665165,43.8622368,44.907297,43.847091,6701636
2022-01-12,44.074278,44.68011,44.7785577,43.847091,8837491
2022-01-13,44.7937035,44.2938921,45.3313794,44.225736,7026628
2022-01-14,44.0364135,43.6426227,44.6725371,43.544175,8703261
2022-01-17,43.9076742,44.2560276,44.528652,43.2564048,11782293
2022-01-18,44.377194,45.3238065,45.588858,43.9606845,19784599
2022-01-19,44.9148699,45.3768168,45.6267225,44.755839,9258148
2022-01-20,45.6721599,45.588858,45.8842011,45.058755,8473205
2022-01-21,45.664587,45.7781805,47.0731464,45.588858,12443994
2022-01-24,46.0356591,46.3688667,46.724793,45.9296385,7999799
2022-01-25,46.19469,44.4150585,46.421877,44.377194,10150782
2022-01-26,44.5210791,44.9754531,45.7024515,44.225736,7517124
2022-01-27,45.058755,45.285942,47.330625,44.6876829,22702230
2022-01-28,45.4904103,44.3544753,46.800522,44.3090379,13863262
2022-02-07,44.9300157,44.1575799,45.285942,43.771362,9772944
2022-02-08,43.998549,43.9682574,44.150007,41.6585229,14880254
2022-02-09,44.2863192,44.7406932,45.0966195,43.4760189,8611268
2022-02-10,44.5135062,42.7641663,44.68011,42.6051354,13390567
2022-02-11,42.6051354,40.6589001,42.9989262,40.4771505,17764899
2022-02-14,40.1742345,39.5456838,40.6816188,39.303351,13240589
2022-02-15,39.7501521,41.4919191,41.6130855,39.681996,10093021
2022-02-16,41.6358042,41.120847,41.8402725,40.9466703,5289475
2022-02-17,40.9390974,40.7119104,41.1890031,40.5755982,6841565
2022-02-18,40.6513272,40.5074421,40.89366,40.0454952,9881591
2022-02-21,40.515015,40.3029738,40.89366,40.0227765,11987879
2022-02-22,40.0076307,39.2200491,40.0076307,38.848977,15278533
2022-02-23,39.2882052,40.13637,40.2499635,38.8111125,17742488
2022-02-24,39.7955895,38.6748003,39.8561727,37.8645,17665843
2022-02-25,38.8716957,39.5835483,39.606267,38.848977,12223348
2022-02-28,39.8485998,39.5608296,40.0454952,39.000435,6936929
2022-03-01,39.5608296,39.5002464,39.7501521,39.2654865,6229508
2022-03-02,39.227622,38.9322789,39.530538,38.8716957,6999885
2022-03-03,39.0307266,38.7959667,39.2503407,38.394603,8523496
2022-03-04,38.4324675,38.091687,38.7429564,37.8645,12282303
2022-03-07,37.9932393,37.3646886,37.9932393,36.7209921,12336642
2022-03-08,37.4328447,36.955752,38.2355721,36.4710864,13132697
2022-03-09,37.3041054,36.34992,37.3949802,34.305237,17714904
2022-03-10,36.9481791,35.3578701,37.3798344,35.289714,15563433
2022-03-11,34.83534,35.9182647,36.0015666,34.2900912,14590732
2022-03-14,35.5547655,34.3658202,35.8425357,34.3658202,15982112
2022-03-15,34.229508,33.245031,35.213985,32.9496879,18520040
2022-03-16,33.9190191,34.0856229,34.2219351,32.3059914,18524830
2022-03-17,35.062527,35.3048598,36.0242853,34.7141736,18788003
2022-03-18,35.2745682,35.062527,35.5547655,34.5778614,10025148
2022-03-21,35.3200056,35.062527,35.819817,34.683882,8364788
2022-03-22,35.062527,35.5396197,35.8652544,34.7141736,9428508
2022-03-23,35.5547655,35.3351514,35.8879731,35.2215579,7062255
2022-03-24,35.1306831,35.138256,35.441172,34.8429129,4290209
2022-03-25,35.365443,34.6232988,35.6986506,34.5778614,6934722
2022-03-28,34.07805,34.0250397,34.380966,33.5100825,9204896
2022-03-29,34.2976641,33.7372695,34.4188305,33.6842592,5880809
2022-03-30,34.07805,35.3275785,35.441172,33.9796023,9856383
2022-03-31,35.3275785,33.6691134,35.3275785,33.396489,20611174
2022-04-01,33.396489,32.5786158,33.7902798,32.4801681,25711331
2022-04-06,32.6013345,32.2226895,33.1314375,32.0485128,15285092
2022-04-07,32.412012,31.8440445,32.6694906,31.8137529,13662714
2022-04-08,31.4502537,31.4199621,32.0939502,31.1776293,9947554
2022-04-11,31.3063686,30.0265485,31.3896705,29.9432466,15803096
2022-04-12,30.0795588,30.2916,30.3370374,29.2692585,16772345
2022-04-13,29.9962569,29.4737268,30.1704336,29.3449875,13168937
2022-04-14,29.6933409,29.7766428,29.8750905,29.3146959,15411792
2022-04-15,29.458581,29.004207,29.610039,28.852749,13711211
2022-04-18,28.928478,29.3298417,29.458581,28.5195414,10528553
2022-04-19,29.5115913,28.8906135,29.5873203,28.625562,12562467
2022-04-20,29.004207,28.4589582,29.2162482,28.4135208,11559627
2022-04-21,27.8076888,27.4971999,28.6028433,27.2927316,18028343
2022-04-22,27.3230232,26.8686492,27.5274915,26.4142752,21716998
2022-04-25,26.3461191,25.3843608,26.5581603,25.3843608,27018300
2022-04-26,25.369215,24.2635716,25.6494123,24.2559987,21226122
2022-04-27,24.2635716,26.50515,26.6868996,24.1196865,33886042
2022-04-28,26.0356302,26.2173798,27.2472942,25.9371825,25652606
2022-04-29,26.353692,28.8376032,28.8376032,25.7327142,34515843
2022-05-05,28.398375,27.7016682,28.474104,27.3760335,32721637
2022-05-06,27.186711,27.4744812,28.2999273,26.732337,18534862
2022-05-09,27.413898,27.5426373,28.0878861,27.26244,11430387
2022-05-10,27.2775858,27.9818655,28.2772086,27.1185549,18468296
2022-05-11,27.944001,28.7164368,29.3904249,27.868272,21643857
2022-05-12,28.6407078,28.5195414,28.8603219,28.3302189,7965378
2022-05-13,28.6861452,28.4362395,28.9511967,28.171188,7379246
2022-05-16,28.6104162,28.3150731,28.9814883,28.0727403,7606310
2022-05-17,28.2014796,28.2772086,28.4892498,27.9061365,6473527
2022-05-18,28.4438124,28.2166254,28.5649788,28.1181777,7781752
2022-05-19,27.6486579,27.8228346,27.9515739,27.3911793,7034290
2022-05-20,27.8076888,28.0878861,28.4210937,27.6940953,12270833
2022-05-23,28.2620628,27.8758449,28.398375,27.5350644,9388812
2022-05-24,27.944001,26.353692,27.944001,26.353692,12135854
2022-05-25,26.1113592,26.5127229,26.7550557,26.0659218,10820889
2022-05-26,26.656608,27.4063251,27.5577831,25.7857245,14179565
2022-05-27,27.9061365,27.3760335,28.1636151,27.2775858,10869773
2022-05-30,27.489627,28.322646,28.4665311,26.9746698,14502845
2022-05-31,28.3453647,30.367329,30.6248076,28.0803132,30372430
2022-06-01,30.2537355,29.837226,30.5415057,29.5721745,19879730
2022-06-02,29.8296531,30.5036412,30.8065572,29.2919772,22851090
2022-06-06,30.443058,31.957638,32.184825,30.215871,26841933
2022-06-07,31.957638,32.7527925,33.5025096,31.200348,24420490
2022-06-08,32.7376467,32.4423036,32.9345421,31.730451,13437646
2022-06-09,32.4423036,31.3442331,33.0481356,31.2382125,17491097
2022-06-10,31.0413171,32.487741,32.7452196,30.745974,17606780
2022-06-13,32.1469605,31.8213258,32.4423036,31.6774407,10357007
2022-06-14,31.04889,31.9424922,32.0560857,30.5490786,14119854
2022-06-15,31.957638,33.2147394,35.062527,31.957638,35141428
2022-06-16,33.4873638,31.6244304,33.4873638,31.4805453,25726003
2022-06-17,31.200348,32.3968662,32.412012,31.0564629,17576875
2022-06-20,32.4725952,32.4044391,33.093573,31.9803567,16181347
2022-06-21,32.56347,34.229508,34.5702885,32.0636586,27493227
2022-06-22,34.0098939,32.6922093,34.1159145,32.639199,19371098
2022-06-23,32.639199,34.0856229,34.4945595,32.336283,24373277
2022-06-24,34.153779,34.2673725,34.5702885,33.547947,16381139
2022-06-27,34.380966,34.6005801,35.5774842,34.1916435,18851952
2022-06-28,34.5854343,34.608153,34.83534,33.6161031,10968314
2022-06-29,34.6232988,33.5252283,34.8050484,33.3056142,19444156
2022-06-30,33.5252283,32.9724066,33.850863,32.6922093,16627887
2022-07-01,33.093573,32.56347,33.2980413,32.3590017,8937435
2022-07-04,32.9118234,34.8504858,35.213985,32.6997822,24432541
2022-07-05,34.683882,34.1462061,35.2518495,33.6009573,12774475
2022-07-06,34.1462061,33.7069779,34.7974755,33.2147394,12507557
2022-07-07,33.6842592,33.017844,33.9568836,32.7755112,10681334
2022-07-08,33.1768749,33.093573,33.6918321,33.017844,7758396
2022-07-11,32.866386,31.6698678,32.9875524,31.4351079,16161333
2022-07-12,31.6774407,30.8065572,31.9955025,30.670245,13301052
2022-07-13,30.9958797,30.9428694,31.4123892,30.8065572,7929392
2022-07-14,30.9428694,31.5335556,32.0106483,30.821703,9700925
2022-07-15,30.7838385,29.3146959,31.1624835,28.9739154,31157366
2022-07-18,29.3146959,31.2079209,31.4199621,29.307123,19634113
2022-07-19,31.1094732,30.8671404,31.4199621,30.5793702,8432141
2022-07-20,31.200348,31.351806,31.5638472,30.6323805,9835668
2022-07-21,31.2154938,31.0564629,31.80618,31.04889,9913778
2022-07-22,31.200348,31.1776293,31.5714201,30.6929637,11643233
2022-07-25,31.3366602,31.2079209,31.3820976,30.5415057,8408291
2022-07-26,31.1700564,31.881909,32.0636586,31.1321919,11398958
2022-07-27,31.7910342,32.2756998,32.5028868,31.6925865,10106575
2022-07-28,32.4498765,32.3514288,32.9951253,32.0712315,11664303
2022-07-29,32.3514288,32.1545334,32.8436673,32.0485128,10354129
2022-08-01,32.033367,31.9955025,32.109096,31.276077,9081426
2022-08-02,31.7153052,31.1170461,31.7153052,30.3900477,10184210
2022-08-03,31.351806,31.124619,31.7910342,31.0110255,8828628
2022-08-04,31.5562743,31.3669518,32.1393876,31.1624835,6742287
2022-08-05,31.6092846,33.6766863,33.926592,31.503264,18716475
2022-08-08,33.775134,33.2601768,33.9038733,33.0102711,8369650
2022-08-09,32.9496879,32.6013345,33.2147394,32.2075437,8028554
2022-08-10,32.56347,31.7455968,32.6013345,31.4578266,8710606
2022-08-11,31.9424922,33.0632814,33.245031,31.7986071,10786655
2022-08-12,32.942115,32.8058028,33.2677497,32.5028868,5790127
2022-08-15,32.9572608,32.2681269,33.017844,32.0636586,6587916
2022-08-16,32.4953139,31.1019003,32.5104597,30.8368488,18297597
2022-08-17,31.124619,31.3896705,31.6017117,30.8444217,9124322
2022-08-18,31.86331994,30.86666608,32.01133784,30.7877232,9005137
2022-08-19,30.61010172,30.80745892,31.63635916,30.4916874,8623483
2022-08-22,30.590366,30.75811962,31.3797948,30.50155526,12060176
2022-08-23,30.77785534,30.91600538,31.45873768,30.61010172,8526808
2022-08-24,31.02455184,29.90948366,31.31071978,29.66278716,10129601
2022-08-25,29.9982944,30.06736942,30.2449909,29.36675136,7512719
2022-08-26,30.25485876,32.01133784,32.64288088,30.096973,32244549
2022-08-29,31.56728414,32.2679022,32.88957738,31.2811162,18550430
2022-08-30,32.1692236,32.88957738,33.12640602,32.08041286,15707202
2022-08-31,32.6132773,33.19548104,33.70860976,32.563938,16978484
2022-09-01,33.3040275,34.044117,34.81381008,32.77116306,18972069
2022-09-02,34.044117,33.91583482,34.2908135,33.56059186,9198115
2022-09-05,33.7480812,33.28429178,34.01451342,32.93891668,13408324
2022-09-06,33.52112042,33.21521676,33.53098828,32.91918096,7777872
2022-09-07,33.1066703,33.14614174,33.24482034,32.72182376,9641033
2022-09-08,33.16587746,33.54085614,34.1921349,32.9586524,9848363
2022-09-09,33.51125256,34.8335458,35.030903,33.057331,17459887
2022-09-13,35.10984588,35.6723139,36.0670283,34.54737786,17231425
2022-09-14,35.30720308,35.8203318,36.07689616,35.030903,15800874
2022-09-15,35.78086036,35.23812806,36.09663188,34.96182798,11962063
2022-09-16,35.3269388,33.54085614,35.8203318,33.43230968,35226212
2022-09-19,33.68887404,33.24482034,33.92570268,32.97838812,15299555
2022-09-20,33.24482034,32.33697722,33.6494026,32.04094142,12891522
2022-09-21,32.22843076,32.30737364,32.9093131,31.3304555,11432438
2022-09-22,32.00146998,32.3665808,32.70208804,31.79424492,7126897
2022-09-23,32.37644866,32.09028072,32.91918096,31.7745092,7643189
2022-09-26,32.03107356,31.61662344,32.8599738,31.43900196,10782840
2022-09-27,31.88305566,33.22508462,33.4520454,31.61662344,13616596
2022-09-28,33.1560096,33.06719886,33.51125256,32.48499512,8597484
2022-09-29,33.42244182,33.07706672,34.1921349,32.86984166,11899406
2022-09-30,33.34349894,33.44217754,34.28094564,33.1560096,10196081
2022-10-10,33.44217754,33.01785956,33.82702408,32.88957738,8716235
2022-10-11,33.3533668,32.01133784,33.4027061,31.71530204,11424966
2022-10-12,31.9718664,32.96852026,33.07706672,31.04428756,12744774
2022-10-13,32.80076664,33.85662766,34.53751,32.57380586,15501954
2022-10-14,34.03424914,34.5868493,35.01116728,33.7480812,10760969
2022-10-17,34.54737786,34.91248868,35.19865662,34.42896354,10108570
2022-10-18,34.89275296,33.83689194,35.24799592,33.57045972,10585995
2022-10-19,33.83689194,33.97504198,34.28094564,33.3533668,9083424
2022-10-20,33.76781692,34.4881707,34.69539576,33.57045972,13319819
2022-10-21,34.74473506,33.81715622,34.91248868,33.60993116,10681408
2022-10-24,33.550724,33.26455606,34.52764214,32.8106345,19787415
2022-10-25,33.54085614,31.61662344,33.54085614,31.11336258,23561001
2022-10-26,31.55741628,33.53098828,33.77768478,31.43900196,22588447
2022-10-27,34.7348672,36.88606068,36.88606068,34.7348672,36786342
2022-10-28,36.88606068,37.9419217,38.7806898,36.4124034,62313295
2022-10-31,37.497868,41.12924048,41.73117994,36.74791064,54858893
2022-11-01,41.07990118,41.36606912,42.5798159,39.43196856,37871503
2022-11-02,41.0996369,40.2608688,41.5930299,40.07337946,32149813
2022-11-03,39.50104358,38.16888248,40.64571534,37.31037866,44675592
2022-11-04,38.15901462,39.94509728,40.3595474,37.991261,34787952
2022-11-07,39.1754042,39.08659346,40.78386538,38.66227548,27034457
2022-11-08,39.13593276,39.9154937,40.05364374,38.2872968,19129612
2022-11-09,39.49117572,39.1260649,39.89575798,38.978047,13642435
2022-11-10,39.03725416,39.85628654,40.6062439,38.7806898,19006786
2022-11-11,41.445012,40.5569046,42.925191,39.77734366,27604762
2022-11-14,41.42527628,40.98122258,41.5436906,39.964833,18902301
2022-11-15,40.39901884,42.5304766,43.3692447,40.39901884,28324182
2022-11-16,42.4811373,42.22457294,43.38898042,41.72131208,12416911
2022-11-17,42.2344408,42.6291552,43.09294462,41.66210492,17461639
2022-11-18,42.63902306,43.10281248,44.5040486,42.6291552,20773573
2022-11-21,42.94492672,41.81999068,43.42845186,41.2476548,17547933
2022-11-22,41.7903871,41.73117994,42.50087302,41.0502976,10927039
2022-11-23,41.55355846,42.09629076,42.31338368,41.35620126,11977432
2022-11-24,42.1357622,40.4088867,42.37259084,40.24113308,16568932
2022-11-25,40.48782958,39.9154937,40.69505464,39.50104358,19986082
2022-11-28,39.47144,39.41223284,40.18192592,38.978047,15120197
2022-11-29,39.51091144,39.5701186,40.04377588,38.79055766,15346344
2022-11-30,39.3727614,39.43196856,40.0141723,38.95831128,11896206
2022-12-01,39.964833,40.3595474,40.7049225,39.41223284,16327677
2022-12-02,39.9154937,39.5701186,40.951619,39.51091144,14936806
2022-12-05,39.964833,39.7674758,40.58650818,39.3727614,13553583
2022-12-06,39.6687972,39.44183642,40.13258662,39.2740828,11502788
2022-12-07,39.49117572,39.18527206,39.8168151,39.00765058,11314589
2022-12-08,39.19513992,39.09646132,39.3727614,38.40571112,11817332
2022-12-09,39.08659346,38.978047,39.47144,38.2872968,21933329
2022-12-12,38.9287077,39.41223284,39.964833,38.75108622,16815965
2022-12-13,39.26421494,38.27742894,39.7674758,38.24782536,11846846
2022-12-14,38.29716466,38.3859754,38.77082194,37.8925824,8486964
2022-12-15,38.37610754,38.27742894,38.6820112,38.00112886,7672092
2022-12-16,38.16888248,37.88271454,38.20835392,37.3991894,13260211
2022-12-19,37.86297882,37.991261,38.26756108,37.004475,6749452
2022-12-20,37.497868,36.30385694,37.7939038,35.95848184,16093049
2022-12-21,36.58015702,36.37293196,37.26103936,36.1163676,8034637
2022-12-22,36.63936418,37.17222862,37.72482878,36.4124034,11500964
2022-12-23,37.16236076,37.991261,38.6820112,36.97487142,13833237
2022-12-26,37.98139314,39.06685774,39.38262926,37.98139314,11884046
2022-12-27,39.19513992,39.21487564,39.44183642,38.59320046,7988180
2022-12-28,39.30368638,38.79055766,39.65892934,38.60306832,9761975
2022-12-29,38.8300291,39.83655082,39.964833,38.3859754,12667767
2022-12-30,39.77734366,39.92536156,40.63584748,39.6687972,9306386
2023-01-03,39.8168151,41.3463334,41.61276562,39.57998646,18878516
2023-01-04,41.51408702,42.19496936,42.4811373,40.82333682,25784166
2023-01-05,41.76078352,41.53382274,42.17523364,41.1489762,9920643
2023-01-06,41.86932998,41.65223706,43.418584,41.1489762,21846478
2023-01-09,41.03056188,41.96800858,42.54034446,40.3595474,19154367
2023-01-10,42.02721574,42.41206228,43.20149108,41.57329418,13794964
2023-01-11,42.3824587,41.42527628,42.3824587,41.1489762,16814479
2023-01-12,41.35620126,41.52395488,41.87919784,40.8529404,12788190
2023-01-13,41.68184064,41.65223706,41.81012282,41.06016546,7900505
2023-01-16,41.92853714,43.418584,43.83303412,41.65223706,24010707
2023-01-17,43.19162322,43.40871614,43.90210914,42.98439816,10852488
2023-01-18,43.418584,45.392156,46.10264192,43.33964112,23782633
2023-01-19,45.392156,45.77700254,46.15198122,44.93823444,15864651
2023-01-20,45.6388525,45.59938106,46.34933842,45.1454595,11401406
2023-01-30,46.378942,45.67832394,47.7111031,45.392156,18207766
2023-01-31,46.07303834,46.59603492,47.0203529,45.47109888,19731935
2023-02-01,46.58616706,47.14863508,47.4644066,46.33947056,19359797
2023-02-02,49.1419428,46.59603492,49.7340144,45.7375311,52317795
2023-02-03,46.79339212,47.20784224,47.58282092,46.27039554,25294797
2023-02-06,47.0203529,46.74405282,47.365728,46.22105624,15182187
2023-02-07,46.49735632,46.04343476,46.6749778,45.2934774,21300850
2023-02-08,46.2802634,47.1683708,47.365728,45.8362097,14076523
2023-02-09,47.15850294,46.65524208,47.15850294,45.7868704,19844570
2023-02-10,46.43814916,45.7868704,46.44801702,45.21453452,19393361
2023-02-13,45.56977748,45.74739896,46.6256385,45.56977748,20455657
2023-02-14,45.8362097,45.74739896,46.15198122,45.31321312,13279038
2023-02-15,45.6881918,45.69805966,46.25065982,45.5401739,9924544
2023-02-16,45.69805966,44.82968798,45.885549,44.40537,19210141
2023-02-17,44.6027272,43.38898042,44.9481023,43.34950898,20040879
2023-02-20,43.911977,44.16854136,44.3560307,43.4679233,10899062
2023-02-21,44.18827708,44.7014058,45.46123102,43.72448766,20758499
2023-02-22,44.28695568,43.9613163,44.39550214,43.35937684,17176319
2023-02-23,43.77382696,43.6159412,44.2080128,43.20149108,9382717
2023-02-24,43.5172626,43.92184486,44.5040486,43.5172626,14965107
2023-02-27,43.32977326,43.73435552,45.38228814,43.3199054,16218491
2023-02-28,43.92184486,43.8132984,44.7014058,43.30016968,17130776
2023-03-01,43.8132984,44.68167008,44.78034868,43.52713046,15627974
2023-03-02,44.42510572,44.77048082,45.50070246,44.07973062,11873465
2023-03-03,44.7507451,44.88889514,45.13559164,44.26721996,10387001
2023-03-06,45.2934774,45.59938106,45.9348883,44.68167008,13662226
2023-03-07,45.51057032,43.49752688,45.51057032,43.418584,18214190
2023-03-08,43.50739474,44.17840922,44.34616284,43.42845186,11687205
2023-03-09,43.8626377,44.98757374,45.18493094,43.18175536,14539596
2023-03-10,44.81982012,44.67180222,45.23427024,44.5040486,9241096
2023-03-13,44.5040486,46.36907414,46.95127788,43.911977,23114373
2023-03-14,46.36907414,45.84607756,46.44801702,45.46123102,10344606
2023-03-15,46.1815848,45.48096674,46.9710136,45.33294884,11350527
2023-03-16,45.0961202,44.56325576,45.48096674,44.33629498,11281600
2023-03-17,45.05664876,46.6256385,47.35586014,45.05664876,23045718
2023-03-20,46.4282813,44.59285934,47.1190315,44.48431288,17716904
2023-03-21,44.97770588,44.72114152,45.50070246,44.2080128,13740151
2023-03-22,45.07638448,44.3066914,45.07638448,43.99091988,17000495
2023-03-23,44.0106556,45.32308098,45.41189172,42.93505886,24331595
2023-03-24,45.26387382,46.7736564,46.872335,44.74087724,29597020
2023-03-27,46.5762992,49.9313716,51.45102204,46.5762992,66468546
2023-03-28,49.21101782,48.352514,49.45771432,47.7604424,28805528
2023-03-29,48.95445346,48.28343898,49.47745004,47.6124245,22249146
2023-03-30,47.9577996,47.74070668,48.43145688,47.05982434,15661507
2023-03-31,47.57295306,52.51675092,52.51675092,46.872335,52244804
2023-04-03,53.286444,56.80927002,57.41120948,53.16802968,83971770
2023-04-04,57.94407392,56.45402706,58.3190526,54.95411234,59337113
2023-04-06,54.08574066,52.11216866,54.4705872,50.90828974,63675448
2023-04-07,52.0036222,52.4970152,53.67129054,50.92802546,34659967
2023-04-10,52.4970152,48.352514,52.75357956,48.11568536,58294151
2023-04-11,48.352514,48.53013548,49.28009284,47.78017812,36534702
2023-04-12,48.66828552,49.9313716,50.84908258,48.5498712,39781841
2023-04-13,50.326086,50.19780382,52.5956938,49.9313716,49412155
2023-04-14,50.01031448,49.832693,50.54317892,48.88537844,20685995
2023-04-17,49.72414654,49.42811074,50.31621814,48.60907836,21281122
2023-04-18,49.3393,49.34916786,50.46423604,48.87551058,22315785
2023-04-19,49.3393,50.43463246,51.71745426,49.11233922,33200166
2023-04-20,50.70106468,49.39850716,52.18124368,47.57295306,50760333
2023-04-21,49.40837502,48.51039976,50.7701397,48.2538354,29741949
2023-04-24,48.23409968,46.81312784,48.6485498,46.2802634,26110638
2023-04-25,46.6256385,46.0829062,47.54334948,45.65858822,28575174
2023-04-26,46.4776206,44.9974416,46.9216743,44.8000844,23463902
2023-04-27,44.51391646,45.38228814,45.76713468,43.9613163,21826781
2023-04-28,45.9842276,48.7472284,48.96432132,45.9842276,41186209
2023-05-04,48.95445346,46.1815848,48.95445346,45.52043818,31288706
2023-05-05,45.84607756,46.59603492,47.4150673,45.57964534,21217266
2023-05-08,46.59603492,46.24079196,46.84273142,45.11585592,24445974
2023-05-09,45.885549,45.82634184,47.74070668,45.51057032,21408839
2023-05-10,45.392156,45.6388525,46.5762992,45.28360954,13871457
2023-05-11,45.64872036,44.7014058,45.95462402,44.68167008,15947259
2023-05-12,44.41523786,44.29682354,44.82968798,44.1586735,12379715
2023-05-15,44.29682354,43.55673404,44.31655926,42.431798,26399667
2023-05-16,43.7146198,41.8890657,43.80343054,41.60289776,32504309
2023-05-17,41.75091566,41.99761216,42.76730524,41.6423692,16991825
2023-05-18,42.31338368,42.50087302,43.29030182,42.12589434,17707589
2023-05-19,42.431798,42.21470508,42.56008018,41.57329418,14979007
2023-05-22,42.07655504,42.3824587,42.52060874,41.51408702,14916332
2023-05-23,42.37259084,41.938405,42.6784945,41.7410478,9284448
2023-05-24,41.84959426,41.50421916,41.95814072,41.2476548,10926278
2023-05-25,41.40554056,41.03056188,41.73117994,40.42862242,16289952
2023-05-26,41.04042974,41.57329418,41.76078352,40.6555832,10593249
2023-05-29,42.01734788,41.78051924,42.31338368,41.36606912,12771028
2023-05-30,41.78051924,41.7410478,41.89893356,40.59637604,23835525
2023-05-31,41.53382274,41.91866928,42.11602648,41.36606912,11879642
2023-06-01,41.5436906,43.34950898,43.9613163,41.25752266,31239856
2023-06-02,43.30016968,43.16201964,43.5172626,42.56994804,20117573
2023-06-05,43.28043396,43.03373746,43.65541264,42.73770166,12442469
2023-06-06,42.925191,41.95814072,43.1225482,41.70157636,12937665
2023-06-07,41.82985854,42.42193014,43.01400174,41.6423692,10021362
2023-06-08,42.31338368,41.72131208,42.431798,41.17857978,14976511
2023-06-09,41.97787644,41.2476548,42.20483722,40.5569046,21912860
2023-06-12,41.17857978,40.17205806,41.40554056,39.94509728,25186534
2023-06-13,40.4088867,42.07655504,42.41206228,39.5207793,27707392
2023-06-14,42.24430866,43.3199054,44.0106556,42.24430866,26711801
2023-06-15,43.3199054,43.14228392,43.5172626,42.46140158,17984100
2023-06-16,43.0732089,44.05012704,44.33629498,42.50087302,22692179
2023-06-19,44.72309692,45.71276492,46.15811552,44.287643,42481937
2023-06-20,46.52429268,50.28503108,50.28503108,46.19770224,81173649
2023-06-21,49.19639628,48.8895992,50.55224144,48.73125232,56965636
2023-06-26,47.998898,44.76268364,48.16714156,44.40640316,48889899
2023-06-27,44.64392348,44.41629984,45.6731782,43.80270568,37718794
2023-06-28,45.3267944,43.9412592,45.3267944,42.44686052,37254156
2023-06-29,44.59444008,44.8319604,45.68307488,43.1495248,36922573
2023-06-30,44.3866098,43.83239572,44.6835102,43.31776836,25004356
2023-07-03,44.29753968,44.01053596,44.8319604,42.63489744,27261623
2023-07-04,43.68394552,43.6938422,44.1391928,43.41673516,21007805
2023-07-05,43.68394552,42.555724,44.040226,42.53593064,19901605
2023-07-06,42.07078668,41.9124398,42.555724,41.68481616,21808205
2023-07-07,41.73429956,41.14049876,41.88274976,40.58628468,21949546
2023-07-10,42.0114066,39.99248388,42.308307,39.69558348,43317156
2023-07-11,40.02217392,36.83544296,40.02217392,35.99422516,93315192
2023-07-12,37.11255,36.09319196,37.54800392,35.99422516,42249993
2023-07-13,36.49895584,36.28122888,36.54843924,35.80618824,38678959
2023-07-14,37.00368652,37.3104836,38.28035824,36.617716,49169471
2023-07-17,37.607384,37.92407776,38.29025492,37.3104836,33178980
2023-07-18,37.7063508,37.359967,37.99335452,37.2115168,25766910
2023-07-19,37.71624748,37.35007032,37.9537678,37.13234336,20993774
2023-07-20,37.35007032,36.39998904,37.39955372,36.3208156,25036061
2023-07-21,36.122882,36.0733986,36.54843924,35.9249484,15737503
2023-07-24,36.08329528,36.26143552,36.49895584,35.84577496,14504549
2023-07-25,37.23131016,37.99335452,38.349635,36.99378984,47191819
2023-07-26,37.61728068,37.27089688,37.7063508,36.98389316,22167314
2023-07-27,37.25110352,36.59792264,37.3104836,36.3208156,26309134
2023-07-28,36.40988572,39.47785652,39.6856868,36.2218488,66384421
2023-07-31,40.07165732,40.69514816,40.98215188,39.56692664,60575107
2023-08-01,40.12114072,40.39824776,40.9722552,39.8836204,24028437
2023-08-02,40.22010752,40.48731788,41.35822572,40.09145068,22743232
2023-08-03,40.19041748,40.95246184,41.22956888,39.9825872,26734622
2023-08-04,41.9619232,41.11080872,42.83283104,41.071222,70392465
2023-08-07,40.576388,40.9722552,41.3681224,40.25969424,31518628
2023-08-08,40.69514816,40.4279378,41.03163528,40.2794876,22044596
2023-08-09,40.3784544,40.10134736,40.93266848,40.04196728,15611660
2023-08-10,40.10134736,40.44773116,40.56649132,39.4877532,20621788
2023-08-11,40.86339172,39.01271256,40.86339172,38.98302252,28326293
2023-08-14,38.0032512,38.6465354,38.9929192,37.854801,24138147
2023-08-15,38.48818852,38.52777524,38.77519224,37.98345784,17911826
2023-08-16,38.18139144,37.81521428,38.82467564,37.56779728,18648579
2023-08-17,37.61728068,37.607384,37.79542092,37.1620334,17998988
2023-08-18,37.51831388,36.84533964,38.0527346,36.8156496,16575038
2023-08-21,36.69688944,36.40988572,37.1620334,35.99422516,17136249
2023-08-22,36.49895584,36.33071228,36.865133,35.51918452,25040669
2023-08-23,36.1723654,34.74724348,36.2218488,34.70765676,30021114
2023-08-24,35.02435052,34.94517708,35.60825464,34.4899298,22920274
2023-08-25,34.6878634,33.80705888,34.91548704,33.5497452,25334369
2023-08-28,37.19172344,35.10352396,37.19172344,35.01445384,50990364
2023-08-29,34.9847638,35.31135424,35.8259816,34.54930988,38758226
2023-08-30,35.36083764,35.60825464,35.96453512,35.19259408,26422192
2023-08-31,35.61815132,35.628048,36.20205544,35.380631,23242413
2023-09-01,35.66763472,35.79629156,36.3208156,35.55877124,17523662
2023-09-04,35.9744318,35.85567164,36.0239152,35.133214,22238408
2023-09-05,35.68742808,35.07383392,35.75670484,35.07383392,19802837
2023-09-06,34.8363136,34.76703684,34.9352804,34.46023976,15190231
2023-09-07,34.80662356,33.87633564,34.80662356,33.73778212,18896151
2023-09-08,33.67840204,33.62891864,33.9456124,33.23305144,12030572
2023-09-11,33.648712,33.82685224,34.1930294,33.3518116,21972470
2023-09-12,33.62891864,33.26274148,33.7476788,33.2528448,16977716
2023-09-13,33.2528448,32.55018052,33.32212156,32.16421,21418558
2023-09-14,32.73821744,31.90689632,32.7580108,31.67927268,17039142
2023-09-15,31.9662764,31.7683428,32.3621436,31.5704092,19823102
2023-09-18,32.0157598,32.34235024,32.7580108,31.84751624,23127231
2023-09-19,32.38193696,31.70896272,32.5105938,31.60999592,17326858
2023-09-20,31.70896272,31.72875608,32.49080044,31.669376,15356496
2023-09-21,31.669376,31.8178262,32.08503656,31.40216564,15046834
2023-09-22,31.669376,32.48090376,32.58976724,31.60009924,27461934
2023-09-25,32.6095606,32.09493324,32.63925064,31.8178262,21885749
2023-09-26,32.10482992,32.27307348,32.73821744,31.97617308,17898849
2023-09-27,32.07513988,32.14441664,32.42152368,31.92668968,15253972
2023-09-28,32.20379672,32.1147266,32.25328012,31.84751624,15114088
2023-10-09,32.04544984,31.60009924,32.05534652,31.48133908,19069952
2023-10-10,31.63968596,31.49123576,32.28297016,31.48133908,22387042
2023-10-11,31.72875608,32.09493324,32.55018052,31.38237228,27902117
2023-10-12,32.73821744,32.02565648,32.7580108,31.84751624,22508246
2023-10-13,31.7683428,31.48133908,31.77823948,31.06567852,23023835
2023-10-16,31.45164904,30.78857148,31.45164904,30.66981132,17185351
2023-10-17,30.96671172,31.16464532,31.39226896,30.7786748,15292730
2023-10-18,30.81826152,30.61043124,30.93702168,30.0859072,18473975
2023-10-19,30.27394412,30.19477068,30.88753828,30.16508064,17247241
2023-10-20,30.0859072,29.61086656,30.26404744,29.46241636,19408841
2023-10-23,29.4921064,29.4921064,29.9869404,29.15561928,17343950
2023-10-24,29.4921064,30.3828076,30.61043124,29.11603256,32688334
2023-10-25,30.6302246,30.54115448,31.21412872,30.3333242,25806330
2023-10-26,30.39270428,30.24425408,30.66981132,29.8879736,19475612
2023-10-27,30.35311756,30.80836484,30.93702168,29.5910732,31441137
2023-10-30,30.54115448,31.35268224,31.669376,30.4817744,29933427
2023-10-31,31.48133908,30.79846816,31.54071916,30.52136112,21796383
2023-11-01,31.10526524,30.4817744,31.1250586,30.432291,17018107
2023-11-02,30.54115448,29.9869404,30.89743496,29.97704372,16224519
2023-11-03,30.09580388,30.9766084,31.174542,30.00673376,27920408
2023-11-06,31.40216564,32.2136934,32.42152368,31.3229922,39820198
2023-11-07,32.12462328,32.30276352,32.44131704,31.8178262,22245724
2023-11-08,32.34235024,32.42152368,32.89656432,31.98606976,25351949
2023-11-09,32.35224692,32.29286684,32.54028384,32.0652432,15668884
2023-11-10,32.17410668,32.2631768,32.49080044,31.89699964,19336887
2023-11-13,32.98563444,33.07470456,33.71798876,32.659044,36305130
2023-11-14,32.96584108,33.4507784,33.72788544,32.76790748,27454035
2023-11-15,33.85654228,33.153878,33.98519912,33.09449792,24049048
2023-11-16,33.0054278,32.8074942,33.42108836,32.77780416,15753323
2023-11-17,32.5600772,32.16421,33.06480788,32.0157598,30080536
2023-11-20,32.16421,32.42152368,32.7580108,31.7683428,23775974
2023-11-21,32.54028384,32.1147266,32.69863072,31.98606976,16002672
2023-11-22,31.9662764,31.62978928,32.32255688,31.55061584,14084251
2023-11-23,31.49123576,31.51102912,31.64958264,30.88753828,16521114
2023-11-24,31.5209258,30.80836484,31.5209258,30.74898476,15131781
2023-11-27,30.7291914,30.4817744,30.86774492,30.29373748,12743175
2023-11-28,30.47187772,30.52136112,30.70939804,30.20466736,11308551
2023-11-29,30.52136112,30.0364238,30.65991464,29.9869404,13396144
2023-11-30,29.99683708,29.71973004,30.184874,29.53169312,13359883
2023-12-01,29.70983336,30.44218768,30.60053456,29.63065992,18677952
2023-12-04,30.29373748,30.26404744,30.54115448,30.09580388,17071708
2023-12-05,30.17497732,29.08634252,30.184874,29.08634252,23884797
2023-12-06,29.0962392,28.83892552,29.195206,28.43316164,25641271
2023-12-07,28.7993388,28.83892552,29.06654916,28.4034716,20065763
2023-12-08,28.76964876,29.15561928,29.43272632,28.73995872,22322371
2023-12-11,29.07644584,29.89787028,30.07601052,28.58161184,27356704
2023-12-12,29.85828356,29.41293296,29.92756032,29.25458608,22322928
2023-12-13,29.47231304,29.03685912,29.84838688,29.02696244,23586296
2023-12-14,29.2941728,28.86861556,29.56138316,28.8488222,15548213
2023-12-15,29.01706576,28.47274836,29.05665248,28.41336828,18555582
2023-12-18,28.2550214,28.19564132,28.87851224,28.0076044,16045350
2023-12-19,28.18574464,28.36388488,28.51233508,27.97791436,15010100
2023-12-20,28.2550214,27.12679988,28.32429816,27.1169032,30614280
2023-12-21,26.968453,27.710704,27.83936084,26.82989948,27835169
2023-12-22,27.65132392,27.38411356,27.83936084,27.19607664,21453115
2023-12-25,27.37421688,27.1663866,27.710704,27.04762644,17108537
2023-12-26,27.07731648,26.721036,27.28514676,26.56268912,13635263
2023-12-27,26.75072604,26.75072604,26.9189696,26.39444556,20016895
2023-12-28,26.66165592,28.27481476,28.58161184,26.30537544,39723891
2023-12-29,28.2550214,28.46285168,28.7498554,28.11646788,24618692
2024-01-02,28.8488222,27.88884424,28.8983056,27.84925752,22137055
2024-01-03,27.87894756,26.95855632,27.87894756,26.43403228,36639075
2024-01-04,26.73093268,25.71157464,26.7705194,25.4344676,48526760
2024-01-05,25.70167796,25.57302112,26.01837172,25.35529416,24727411
2024-01-08,25.3355008,24.76149336,25.49384768,24.72190664,27854848
2024-01-09,24.86046016,24.73180332,25.21674064,24.4447996,21716931
2024-01-10,24.6427332,24.43490292,24.8406668,24.17758924,19185105
2024-01-11,24.3458328,24.76149336,24.86046016,24.3458328,23927882
2024-01-12,24.62293984,24.53386972,24.81097676,24.4447996,18704098
2024-01-15,24.3953162,24.3458328,24.73180332,24.18748592,17472106
2024-01-16,24.23696932,24.41510956,24.42500624,23.89058552,20670621
2024-01-17,24.27655604,23.6530652,24.2963494,23.6530652,20759325
2024-01-18,23.4551316,24.25676268,24.35572948,23.21761128,31140685
2024-01-19,24.13800252,23.91037888,24.23696932,23.84110212,17290010
2024-01-22,23.8015154,22.9602976,24.01924236,22.762364,26322933
2024-01-23,22.9602976,23.6530652,23.81141208,22.82174408,26131144
2024-01-24,24.03903572,24.246866,24.494283,22.97019428,35242012
2024-01-25,24.0489324,24.42500624,24.60314648,23.62337516,41444136
2024-01-26,24.23696932,24.03903572,24.47448964,23.9499656,26057008
2024-01-29,24.0489324,22.47536028,24.0489324,22.4159802,57045473
2024-01-30,22.30711672,21.74300596,22.72277728,21.71331592,30476542
2024-01-31,21.69352256,20.82261472,21.8716628,20.57519772,44442217
2024-02-01,20.75333796,20.81271804,21.43620888,20.4366442,36212421
2024-02-02,20.91168484,19.8428434,21.19868856,19.13028244,44617088
2024-02-05,19.72408324,19.1005924,19.83294672,18.4078248,48087492
2024-02-06,19.0016256,20.42674752,20.54550768,18.83338204,48339811
2024-02-07,20.42674752,20.6840612,21.13930848,20.36736744,46555725
2024-02-08,20.86220144,21.525279,21.56486572,20.76323464,46609367
2024-02-19,22.01021632,22.03990636,22.20814992,21.3768288,44685032
2024-02-20,21.8221794,21.84197276,21.90135284,21.53517568,27026618
2024-02-21,21.6737292,22.40608352,23.2077146,21.53517568,47961589
2024-02-22,22.44567024,22.93060756,23.01967768,22.3664968,35950180
2024-02-23,22.9602976,23.01967768,23.06916108,22.6633972,32268056
2024-02-26,22.98998764,23.02957436,23.41554488,22.75246732,31923427
2024-02-27,22.87122748,24.12810584,24.12810584,22.84153744,51405614
2024-02-28,24.26665936,23.0592644,24.97922032,23.0592644,65675500
2024-02-29,22.82174408,24.16769256,24.37552284,22.82174408,48139920
2024-03-01,24.1478992,24.96932364,25.1375672,23.999449,63115605
2024-03-04,25.236534,24.53386972,25.2860174,24.30624608,46859005
2024-03-05,24.35572948,24.07862244,24.47448964,23.82130876,39152696
2024-03-06,23.9004822,23.86089548,24.21717596,23.39575152,34330008
2024-03-07,23.97965564,23.009781,24.03903572,22.98998764,36359759
2024-03-08,23.009781,23.77182536,24.11820916,22.74257064,37790901
2024-03-11,23.504615,23.999449,24.00934568,23.2077146,35422803
2024-03-12,23.999449,24.246866,24.28645272,23.8509988,36416268
2024-03-13,24.27655604,24.18748592,24.6427332,24.06872576,42040867
2024-03-14,24.15779588,23.86089548,24.15779588,23.43533824,38167188
2024-03-15,23.73223864,23.83120544,23.9004822,23.21761128,31853622
2024-03-18,23.79161872,24.72190664,24.72190664,23.77182536,50806133
2024-03-19,24.6922166,24.38541952,24.80108008,24.35572948,31153237
2024-03-20,24.38541952,24.70211328,24.9396336,24.31614276,39098388
2024-03-21,24.91984024,25.16725724,26.0282684,24.8901502,75761913
2024-03-22,25.0880838,24.61304316,25.1375672,24.16769256,53486341
2024-03-25,24.90994356,23.68275524,24.99901368,23.63327184,41508172
2024-03-26,23.5540984,23.18792124,23.78172204,22.95040092,32720570
2024-03-27,23.1087478,21.85186944,23.1582312,21.79248936,38917370
2024-03-28,21.772696,22.50505032,22.69308724,21.68362588,32955688
2024-03-29,22.50505032,22.32691008,22.50505032,21.9706296,21714114
2024-04-01,22.514947,23.02957436,23.03947104,22.47536028,27231015
2024-04-02,22.9602976,22.68319056,22.98009096,22.54463704,23176709
2024-04-03,22.62381048,22.00031964,22.84153744,21.9706296,39972072
2024-04-08,21.772696,21.14920516,21.84197276,21.13930848,39526854
2024-04-09,21.277862,21.29765536,21.45600224,21.04034168,20885659
2024-04-10,21.2283786,20.64447448,21.23827528,20.4861276,26683343
2024-04-11,20.52571432,20.65437116,20.9809616,20.46633424,21538741
2024-04-12,20.65437116,20.30798736,20.84240808,20.24860728,20013324
2024-04-15,20.39705748,20.80282136,21.15910184,20.14964048,32964261
2024-04-16,20.76323464,20.24860728,21.15910184,20.1892272,26463104
2024-04-17,20.37726412,20.81271804,20.8819948,20.37726412,29192074
2024-04-18,20.6840612,20.77313132,21.3273454,20.3871608,33934473
2024-04-19,20.56530104,20.10015708,20.61478444,20.01108696,31528338
2024-04-22,19.79336,20.35747076,20.535611,19.52614964,30002123
2024-04-23,20.36736744,20.3376774,20.57519772,20.20902056,17126858
2024-04-24,20.42674752,20.56530104,20.57519772,20.22881392,20752192
2024-04-25,21.19868856,20.2387106,21.21848192,20.1892272,36091086
2024-04-26,20.3376774,21.28775868,21.35703544,20.29809068,54998638
2024-04-29,21.1788952,22.020113,22.23783996,21.10961844,56257858
2024-04-30,21.5747624,20.39705748,21.5747624,20.36736744,81058988
2024-05-06,20.82261472,20.99085828,21.54507236,20.783028,57253094
2024-05-07,20.9809616,21.06013504,21.26796532,20.76323464,26998481
2024-05-08,20.92158152,20.57519772,20.92158152,20.50592096,28968178
2024-05-09,20.55540436,21.030445,21.24817196,20.54550768,29132252
2024-05-10,21.02054832,20.87209812,21.20858524,20.65437116,21406506
2024-05-13,20.6840612,20.61478444,21.14920516,20.46633424,29605321
2024-05-14,20.61478444,20.71375124,20.80282136,20.535611,18205547
2024-05-15,20.7335446,20.34757408,20.74344128,20.288194,20706882
2024-05-16,20.44654088,20.69395788,20.91168484,20.26840064,31887864
2024-05-17,20.61478444,21.04034168,21.07003172,20.54550768,24995585
2024-05-20,21.04034168,21.48569228,21.772696,20.9314782,37478461
2024-05-21,21.43620888,21.0799284,21.50548564,21.02054832,21006620
2024-05-22,21.07003172,21.18879188,21.277862,20.85230476,16178907
2024-05-23,21.1294118,20.6840612,21.20858524,20.64447448,21692339
2024-05-24,20.60488776,20.040777,20.7335446,19.97150024,28021348
2024-05-27,20.11005376,20.0902604,20.15953716,19.5954264,21935738
2024-05-28,20.040777,19.90222348,20.11005376,19.77356664,12924629
2024-05-29,19.80325668,19.85274008,20.0902604,19.71418656,12411545
2024-05-30,19.82305004,19.82305004,19.91212016,19.62511644,10437881
2024-05-31,19.88243012,19.86263676,20.07046704,19.82305004,14233847
2024-06-03,19.78346332,19.4469762,19.8428434,19.26883596,20944660
2024-06-04,19.4469762,19.62511644,19.6449098,19.27873264,14778783
2024-06-05,19.52614964,19.67459984,20.01108696,19.50635628,16749360
2024-06-06,19.73397992,19.18966252,19.79336,19.1005924,18697883
2024-06-07,19.298526,19.18966252,19.46676956,19.0016256,12439067
2024-06-11,18.99039288,19.30922424,19.41882252,18.930612,12314694
2024-06-12,19.30922424,19.30922424,19.45867644,19.25940684,12624127
2024-06-13,19.30922424,19.11991812,19.36900512,19.06013724,12095211
2024-06-14,19.09002768,19.43874948,19.46863992,18.8807946,18353926
2024-06-17,19.23947988,19.13984508,19.428786,19.05017376,17573991
2024-06-18,19.13984508,19.29926076,19.51845732,19.06013724,15795892
2024-06-19,19.3789686,18.96050244,19.39889556,18.90072156,15668884
2024-06-20,18.81105024,18.07375272,18.86086764,18.06378924,32248716
2024-06-21,18.01397184,18.15346056,18.2331684,17.81470224,16860571
2024-06-24,18.0338988,17.5855422,18.06378924,17.57557872,18342543
2024-06-25,17.57557872,17.32649172,17.71506744,17.1371856,21847393
2024-06-26,17.2368204,18.05382576,18.11360664,17.187003,19905918
2024-06-27,17.92430052,17.85455616,18.19331448,17.7848118,13132599
2024-06-28,17.8346292,17.59550568,18.11360664,17.5357248,17790781
2024-07-01,17.43609,17.39623608,17.59550568,16.95784296,19612505
2024-07-02,17.39623608,17.26671084,17.67521352,17.22685692,15010008
2024-07-03,17.20692996,17.0873682,17.31652824,16.94787948,13418524
2024-07-04,17.07740472,16.5393768,17.187003,16.52941332,21574672
2024-07-05,16.54934028,16.72868292,16.82831772,16.3899246,16202568
2024-07-08,16.64897508,16.31021676,16.72868292,16.25043588,13998727
2024-07-09,16.33014372,16.47959592,16.59915768,16.07109324,17179223
2024-07-10,16.0910202,16.28032632,16.71871944,15.85189668,22011850
2024-07-11,16.57923072,16.77850032,16.937916,16.39988808,19058914
2024-07-12,16.79842728,16.65893856,16.84824468,16.6390116,10489550
2024-07-15,16.6390116,16.439742,16.69879248,16.39988808,11028455
2024-07-16,16.40985156,16.76853684,16.81835424,16.21058196,14733699
2024-07-17,16.75857336,16.87813512,17.01762384,16.70875596,14026297
2024-07-18,16.80839076,16.94787948,17.02758732,16.5891942,13620090
2024-07-19,16.90802556,17.42612652,17.55565176,16.8382812,24855823
2024-07-22,17.62539612,17.69514048,17.934264,17.36634564,22077797
2024-07-23,17.74495788,17.25674736,17.74495788,17.25674736,14589282
2024-07-24,17.25674736,17.01762384,17.32649172,16.94787948,13074371
2024-07-25,16.91798904,17.36634564,17.61543264,16.91798904,15466199
2024-07-26,17.37630912,17.36634564,17.61543264,17.25674736,11513241
2024-07-29,17.36634564,17.20692996,17.42612652,17.0873682,10116295
2024-07-30,17.187003,17.25674736,17.34641868,17.04751428,8125179
2024-07-31,17.25674736,18.25309536,18.3328032,17.2368204,29631856
2024-08-01,18.17338752,18.06378924,18.31287624,18.01397184,14622282
2024-08-02,18.00400836,17.75492136,18.21324144,17.72503092,12062945
2024-08-05,17.61543264,17.56561524,18.16342404,17.45601696,17217690
2024-08-06,17.7848118,17.60546916,17.89441008,17.41616304,14485990
2024-08-07,17.60546916,17.42612652,17.72503092,17.37630912,10261554
2024-08-08,17.29660128,17.19696648,17.47594392,16.92795252,15230805
2024-08-09,17.3364552,16.90802556,17.36634564,16.90802556,10332848
2024-08-12,16.81835424,16.66890204,16.95784296,16.5891942,10019077
2024-08-13,16.66890204,16.79842728,16.81835424,16.54934028,9125415
2024-08-14,16.72868292,16.42977852,16.84824468,16.40985156,11955606
2024-08-15,16.39988808,16.51944984,16.8382812,16.32018024,16722809
2024-08-16,16.5393768,16.3401072,16.61908464,16.3401072,10572171
2024-08-19,16.3401072,16.36999764,16.61908464,16.28032632,11166643
2024-08-20,16.36003416,15.93160452,16.3899246,15.8917506,14446198
2024-08-21,15.88178712,15.77218884,16.03123932,15.7422984,9984881
2024-08-22,15.8419332,15.30390528,15.91167756,15.27401484,15732666
2024-08-23,15.30390528,15.6426636,15.76222536,15.30390528,13938293
2024-08-26,15.692481,15.52310184,15.96149496,15.42346704,15185917
2024-08-27,15.47328444,15.28397832,15.4932114,15.22419744,11067049
2024-08-28,15.2939418,15.4932114,15.53306532,15.17438004,10824356
2024-08-29,15.43343052,15.73233492,15.87182364,15.38361312,11025398
2024-08-30,15.692481,16.27036284,16.47959592,15.6426636,21214644
2024-09-02,16.25043588,15.78215232,16.32018024,15.76222536,15804957
2024-09-03,15.75226188,16.10098368,16.1408376,15.75226188,11598204
2024-09-04,15.98142192,16.05116628,16.27036284,15.92164104,10372585
2024-09-05,16.06112976,16.27036284,16.37996112,16.06112976,12656092
2024-09-06,16.49952288,16.0412028,16.49952288,16.03123932,9970535
2024-09-09,15.92164104,15.82200624,16.10098368,15.7422984,10448744
2024-09-10,15.86186016,16.1408376,16.36999764,15.6426636,13949754
2024-09-11,16.08105672,16.25043588,16.33014372,16.01131236,9727440
2024-09-12,16.26039936,16.1408376,16.439742,16.11094716,9056390
2024-09-13,16.13087412,15.93160452,16.2404724,15.91167756,9162504
2024-09-18,15.87182364,15.86186016,16.01131236,15.61277316,8623053
2024-09-19,16.00134888,16.41981504,16.49952288,15.81204276,18884068
2024-09-20,16.45966896,16.56926724,16.61908464,16.2902898,19515812
2024-09-23,16.57923072,16.36999764,16.64897508,16.35007068,13561375
2024-09-24,16.61908464,17.4859074,17.55565176,16.44970548,45501260
2024-09-25,17.934264,17.8346292,18.31287624,17.72503092,50306341
2024-09-26,17.8844466,18.8309772,18.94057548,17.7349944,50931704
2024-09-27,19.91699652,20.71407492,20.71407492,19.76754432,58085691
2024-09-30,22.78647876,22.78647876,22.78647876,22.78647876,12354101
2024-10-08,25.06811568,25.06811568,25.06811568,25.06811568,8202979
2024-10-09,27.57891264,27.57891264,27.57891264,26.78183424,157534965
2024-10-10,27.897744,25.36702008,28.01730576,24.9087,248834295
2024-10-11,24.29096424,23.29461624,25.12789656,23.02560228,128719439
2024-10-14,23.43410496,24.84891912,25.42680096,22.40786652,126394387
2024-10-15,24.3607086,25.48658184,27.2003004,24.161439,144015634
2024-10-16,24.74928432,25.48658184,26.34344112,24.52012428,90124031
2024-10-17,26.02460976,25.66592448,26.403222,25.08804264,97513120
2024-10-18,25.406874,27.9973788,28.23650232,24.99837132,162988798
2024-10-21,27.897744,27.90770748,28.56529716,27.17040996,136329610
2024-10-22,27.8479266,27.0010308,27.8479266,26.403222,94044622
2024-10-23,26.89143252,26.76190728,27.83796312,26.62241856,78354677
2024-10-24,26.42314896,26.2039524,26.98110384,25.96482888,59644934
2024-10-25,26.32351416,26.28366024,26.73201684,25.84526712,58012529
2024-10-28,26.19398892,26.37333156,26.5526742,25.905048,47382859
2024-10-29,26.37333156,25.78548624,26.99106732,25.7555958,66675085
2024-10-30,25.48658184,25.77552276,26.01464628,25.28731224,47370316
2024-10-31,25.89508452,26.71208988,27.42946044,25.6061436,98647154
2024-11-01,26.44307592,25.73566884,27.0508482,25.63603404,72112786
2024-11-04,25.6061436,26.403222,26.4530394,25.56628968,49807981
2024-11-05,27.12059256,29.0435442,29.0435442,26.68219944,141106094
2024-11-06,30.388614,30.37865052,31.94291688,29.77087824,203375517
2024-11-07,29.5915356,32.4809448,32.75992224,28.98376332,176349407
2024-11-08,33.39758496,31.54437768,33.66659892,31.47463332,136379647
2024-11-11,31.07609412,34.30426164,34.70280084,30.90671496,134604559
2024-11-12,34.87218,34.20462684,37.1637804,34.11495552,163867171
2024-11-13,33.6765624,32.6802144,34.06513812,32.1820404,110895759
2024-11-14,32.38131,31.54437768,33.03889968,31.42481592,77698347
2024-11-15,31.22554632,29.71109736,32.0325882,29.70113388,94799819
2024-11-18,29.82069564,29.1929964,30.46832184,28.55533368,72121179
2024-11-19,29.1929964,29.89044,30.139527,28.83431112,62369404
2024-11-20,29.86054956,30.51813924,31.17572892,29.61146256,68419616
2024-11-21,30.00003828,30.50817576,30.9864228,30.00003828,49452451
2024-11-22,30.388614,28.85423808,30.66759144,28.7944572,64420594
2024-11-25,28.83431112,27.9973788,29.07343464,27.32982564,64546223
2024-11-26,27.9973788,27.97745184,28.68485892,27.72836484,34126009
2024-11-27,27.97745184,28.87416504,28.87416504,27.41949696,49680619
2024-11-28,29.6911704,29.27270424,30.6875184,29.21292336,71510241
2024-11-29,29.10332508,30.56795664,31.5842316,29.0435442,89802834
2024-12-02,30.36868704,31.22554632,31.75361076,30.09967308,77227555
2024-12-03,31.01631324,31.05616716,31.5344142,30.4882488,59413634
2024-12-04,30.886788,30.4882488,31.17572892,30.32883312,44955880
2024-12-05,30.27901572,30.90671496,31.2355098,30.27901572,50353498
2024-12-06,30.90671496,30.99638628,32.01266124,30.52810272,67221499
2024-12-09,31.09602108,31.15580196,32.44109088,30.886788,59769392
2024-12-10,33.10864404,31.74364728,33.14849796,31.57426812,87733275
2024-12-11,31.59419508,30.70744536,31.77353772,30.30890616,64768047
2024-12-12,30.70744536,31.67390292,32.16211344,30.2889792,68163350
2024-12-13,31.0860576,30.01000176,31.135875,29.90040348,62651686
2024-12-16,30.01000176,29.70113388,30.11960004,29.52179124,33406264
2024-12-17,29.78084172,29.641353,30.19930788,29.5915356,33098817
2024-12-18,29.89044,29.77087824,30.10963656,29.4420834,29736876
2024-12-19,29.35241208,29.81073216,29.82069564,29.1929964,31689928
2024-12-20,29.6911704,29.88047652,30.25908876,29.50186428,32238324
2024-12-23,29.7908052,29.143179,30.06978264,29.07343464,32067346
2024-12-24,29.22288684,29.5417182,29.641353,29.03358072,25397765
2024-12-25,29.57160864,29.01365376,29.641353,28.83431112,26197865
2024-12-26,29.16310596,29.03358072,29.40222948,28.98376332,25392861
2024-12-27,29.10332508,29.30259468,29.98011132,28.92398244,41121344
2024-12-30,29.30259468,29.32252164,29.52179124,29.02361724,22236091
2024-12-31,29.392266,27.88778052,29.4420834,27.88778052,45925062
2025-01-02,27.57891264,26.32351416,27.71840136,25.6061436,62482031
2025-01-03,26.403222,25.26738528,26.64234552,25.21756788,40995292
2025-01-06,25.23749484,25.06811568,25.56628968,24.88877304,31414240
2025-01-07,25.157787,25.5065088,25.51647228,24.91866348,27721795
2025-01-08,25.42680096,25.27734876,25.62607056,24.54005124,34351787
2025-01-09,25.09800612,25.32716616,25.5563262,25.07807916,19803550
2025-01-10,25.31720268,24.8090652,25.66592448,24.8090652,21087818
2025-01-13,24.64964952,25.18767744,25.38694704,24.410526,25063955
2025-01-14,25.406874,26.56263768,26.6024916,25.22753136,41265923
2025-01-15,26.52278376,26.2039524,26.56263768,26.12424456,22930331
2025-01-16,26.54271072,25.98475584,26.87150556,25.79544972,26875738
2025-01-17,25.82534016,26.0545002,26.3534046,25.76555928,21160015
2025-01-20,26.47296636,26.09435412,26.56263768,26.03457324,22267525
2025-01-21,26.6024916,26.3035872,26.67223596,26.01464628,21038812
2025-01-22,26.28366024,26.01464628,26.3035872,25.8552306,18256587
2025-01-23,26.6024916,26.2039524,27.38960652,26.2039524,42567454
2025-01-24,26.12424456,26.39325852,26.59252812,26.01464628,26926670
2025-01-27,26.7519438,25.84526712,26.84161512,25.83530364,25791480
2025-02-05,26.7021264,27.14051952,27.97745184,26.61245508,61809124
2025-02-06,27.2003004,28.36602756,28.7446398,26.79179772,57148073
2025-02-07,28.395918,30.0398922,30.5380662,28.2962832,100817945
2025-02-10,30.4882488,30.64766448,30.84693408,29.70113388,77300139
2025-02-11,30.64766448,31.0860576,32.2318578,30.01000176,98905778
2025-02-12,31.384962,32.76988572,32.7798492,31.22554632,112042028
2025-02-13,32.2816752,32.0824056,32.80973964,31.80342816,85278092
2025-02-14,32.0325882,34.83232608,35.29064616,32.0325882,172333870
2025-02-17,35.1710844,34.50353124,37.04421864,33.5769276,202263952
2025-02-18,34.29429816,32.62043352,34.88214348,32.56065264,131366498
2025-02-19,32.879484,33.45736584,33.63670848,32.5805796,89405362
2025-02-20,33.24813276,32.89941096,34.0751016,32.7798492,65695231
2025-02-21,33.78616068,34.95188784,35.15115744,32.93926488,130093983
2025-02-24,34.65298344,33.78616068,34.95188784,33.35773104,92205596
2025-02-25,32.44109088,32.61047004,33.33780408,32.2318578,70220321
2025-02-26,32.879484,33.0787536,33.30791364,32.3314926,54312916
2025-02-27,33.0289362,32.25178476,33.0787536,31.5842316,61300899
2025-02-28,32.25178476,30.4384314,32.4311274,30.2889792,64541336
2025-03-03,30.4384314,30.5878836,31.29529068,29.95022088,43174261
2025-03-04,30.27901572,30.8369706,31.05616716,30.1893444,32240023
2025-03-05,30.886788,30.81704364,31.135875,30.5878836,30672076
2025-03-06,31.7835012,32.21193084,32.7300318,31.19565588,70626919
2025-03-07,32.2318578,31.0860576,32.26174824,30.92664192,59419549
2025-03-10,30.9864228,31.01631324,31.1856924,30.52810272,34161212
2025-03-11,30.32883312,30.72737232,30.86686104,30.27901572,36385669
2025-03-12,31.00634976,30.86686104,31.5842316,30.69748188,40312583
2025-03-13,30.637701,30.139527,30.89675148,29.89044,36221153
2025-03-14,30.139527,31.57426812,31.7835012,29.96018436,67359914
2025-03-17,31.5344142,30.99638628,31.54437768,30.92664192,35775173
2025-03-18,31.384962,30.9366054,31.4845968,30.7871532,28945789
2025-03-19,30.80708016,30.61777404,30.97645932,30.4384314,25704325
2025-03-20,30.5380662,30.14949048,30.9366054,30.11960004,41143444
2025-03-21,29.9402574,29.20295988,30.17938092,29.15314248,41091416
2025-03-24,29.20295988,29.05350768,29.38230252,28.4955528,34907996
2025-03-25,28.9937268,28.87416504,29.41219296,28.7446398,23082326
2025-03-26,28.894092,28.894092,29.07343464,28.75460328,18625311
2025-03-27,28.82434764,28.894092,29.32252164,28.53540672,25549560
2025-03-28,28.9937268,28.81438416,29.06347116,28.77453024,17331153
2025-03-31,27.77818224,27.93759792,28.146831,27.48924132,37456290
2025-04-01,28.10697708,27.50916828,28.17672144,27.48924132,28604233
2025-04-02,27.4493874,27.7482918,27.96748836,27.39957,18401145
2025-04-03,27.4493874,27.45935088,27.96748836,27.39957,19331026
2025-04-07,25.2076044,24.7094304,26.23384284,24.7094304,47150747
2025-04-08,24.96848088,24.161439,24.96848088,23.52377628,60075727
2025-04-09,23.78282676,25.11793308,25.11793308,23.414178,52340679
2025-04-10,26.0545002,25.53639924,26.11428108,25.46665488,40132528
2025-04-11,25.61610708,25.73566884,25.9548654,25.38694704,28180047
2025-04-14,26.0046828,25.97479236,26.69216292,25.91501148,27911948
2025-04-15,25.92497496,25.74563232,26.0545002,25.53639924,16012474
2025-04-16,25.72570536,25.56628968,25.7555958,25.17771396,18625598
2025-04-17,25.406874,25.63603404,25.8054132,25.32716616,17067315
2025-04-18,25.51647228,25.51647228,25.7057784,25.33712964,12248313
2025-04-21,25.47661836,25.92497496,25.9548654,25.2574218,17862613
2025-04-22,25.905048,25.8054132,26.12424456,25.72570536,18493536
2025-04-23,26.1043176,26.13420804,26.4530394,25.86519408,29385563
2025-04-24,26.14417152,25.64599752,26.41318548,25.62607056,25136319
2025-04-25,25.73566884,25.7555958,25.98475584,25.6061436,19496419
2025-04-28,25.7555958,25.2076044,25.92497496,25.18767744,21819106
2025-04-29,25.11793308,25.32716616,25.5563262,25.04818872,15208318
2025-04-30,25.39691052,25.8552306,25.96482888,25.28731224,23134157
2025-05-06,26.28366024,26.58256464,26.67223596,26.19398892,29413971
2025-05-07,27.63869352,26.59252812,27.83796312,26.38329504,44685541
2025-05-08,26.5028568,26.62241856,26.71208988,26.3534046,21487858
2025-05-09,26.61245508,25.98475584,26.61245508,25.93493844,19729400
2025-05-12,26.34344112,27.0010308,27.1006656,26.21391588,32456946
2025-05-13,27.2003004,26.58256464,27.22022736,26.58256464,23955317
2025-05-14,26.52278376,27.2999352,27.83796312,26.23384284,47621395
2025-05-15,27.07077516,26.44307592,27.07077516,26.403222,28041733
2025-05-16,26.3035872,26.32351416,26.44307592,26.154135,15709043
2025-05-19,26.16409848,26.03457324,26.2537698,25.68585144,17723683
2025-05-20,26.154135,26.13420804,26.24380632,25.9548654,12036802
2025-05-21,26.24380632,26.39325852,26.63238204,26.16409848,18765498
2025-05-22,26.32351416,26.04453672,26.3534046,26.0046828,13311253
2025-05-23,26.0545002,25.406874,26.09435412,25.406874,20245017
2025-05-26,25.39691052,25.51647228,25.51647228,25.18767744,12558374
2025-05-27,25.406874,25.24745832,25.406874,25.21756788,10026933
2025-05-28,25.24745832,25.1079696,25.406874,25.08804264,9515211
2025-05-29,25.14782352,26.13420804,26.17406196,25.1079696,29180714
2025-05-30,26.01464628,26.21391588,27.03092124,25.905048,33614430
2025-06-03,26.82168816,26.61245508,27.31986216,26.48292984,39172789
2025-06-04,26.5028568,26.59252812,26.66227248,26.22387936,24372265
2025-06-05,26.72205336,27.28000824,27.57891264,26.67223596,45345023
2025-06-06,27.28,26.88,27.36,26.8,22695425
2025-06-09,27.05,27.1,27.25,26.78,23539810
2025-06-10,27.1,26.3,27.1,26.05,32127480
2025-06-11,26.31,26.42,26.97,26.08,26575980
2025-06-12,26.15,26.72,27.26,26.06,29418302
2025-06-13,27.42,27.75,28.39,27.42,99847344
2025-06-16,27.75,30.53,30.53,27.75,123972181
2025-06-17,30.53,30.58,31.7,30.04,165680834
2025-06-18,30.15,29.88,30.69,29.77,94689295
2025-06-19,30.29,28.8,30.62,28.66,82356308
2025-06-20,28.5,28.01,28.84,27.71,57609593
2025-06-23,27.65,29.79,30.1,27.59,94792337
2025-06-24,29.69,30.09,30.48,29.23,84894873
2025-06-25,29.88,32.3,33.0,29.71,154687864
2025-06-26,32.5,33.62,35.53,32.44,231601339
2025-06-27,33.37,33.72,35.77,32.88,180424915
2025-06-30,33.85,33.54,34.68,33.01,118005522
2025-07-01,33.25,32.09,33.45,31.88,101205504
2025-07-02,32.09,31.61,32.29,31.54,55749952
2025-07-03,31.63,31.97,32.19,31.45,66042128
2025-07-04,32.11,32.75,33.76,31.45,115174463
2025-07-07,32.44,32.94,33.62,32.31,81069726
2025-07-08,32.94,33.42,34.06,32.63,87879822
2025-07-09,33.76,33.78,34.55,33.1,113391665
2025-07-10,33.45,33.4,34.27,32.8,94472199
2025-07-11,33.4,34.52,35.1,33.26,129147251
2025-07-14,34.31,33.26,34.31,33.01,79306344
2025-07-15,33.6,33.7,34.36,33.35,74987168
2025-07-16,33.33,33.07,33.5,32.8,55565619
2025-07-17,33.38,33.42,33.74,33.03,48046305
2025-07-18,33.42,33.68,34.1,33.35,49538584
2025-07-21,33.5,33.1,33.85,32.95,59012404
2025-07-22,33.0,32.64,33.17,32.4,60500025
2025-07-23,32.63,33.05,33.5,32.5,62900308
2025-07-24,32.75,33.88,34.1,32.7,63553071
2025-07-25,33.88,33.53,34.24,33.34,48099904
2025-07-28,33.88,34.38,34.66,33.25,86956714
2025-07-29,34.18,37.82,37.82,33.8,163579321
2025-07-30,38.49,37.0,38.49,36.39,182684170
2025-07-31,36.77,36.2,37.86,35.94,119681386
2025-08-01,36.0,35.53,36.34,35.02,89027487
2025-08-04,35.13,34.85,35.4,34.4,68424536
2025-08-05,34.85,35.03,35.53,34.44,66989343
2025-08-06,34.96,34.88,35.0,34.54,52411481
2025-08-07,34.66,34.41,35.2,34.04,65419140
2025-08-08,34.4,34.41,34.85,33.64,58373429
2025-08-11,34.4,35.16,35.47,34.27,66474129
2025-08-12,35.2,35.61,35.64,34.82,63776358
2025-08-13,35.85,35.69,36.3,35.11,85694558
2025-08-14,35.71,35.81,37.24,35.71,109103123
2025-08-15,35.4,36.86,37.47,34.88,127465262
2025-08-18,36.95,37.65,38.47,36.4,121707490
2025-08-19,37.55,36.58,38.07,36.55,96195462
2025-08-20,36.48,37.04,37.09,35.73,76626989
2025-08-21,38.1,37.45,39.4,37.14,145045108
2025-08-22,36.98,38.46,38.46,36.88,105319555
2025-08-25,39.3,39.04,40.22,38.46,125524914
2025-08-26,38.29,38.15,38.59,37.51,88958106
2025-08-27,38.18,37.15,38.91,37.12,92923169
2025-08-28,36.99,37.66,37.68,36.21,82284971
2025-08-29,38.0,37.49,38.19,37.2,62619355
2025-09-01,38.21,38.66,39.33,37.5,110511659
2025-09-02,38.23,35.9,38.27,35.65,113748550
2025-09-03,35.88,34.83,36.23,34.6,60709952
2025-09-04,34.88,33.98,35.28,33.34,57405311
2025-09-05,34.1,34.54,34.67,33.52,45506087
2025-09-08,34.6,35.2,35.34,34.2,40707867
2025-09-09,35.22,34.43,35.25,34.34,31099582
2025-09-10,34.6,34.46,35.28,34.43,31058121
2025-09-11,34.46,35.32,35.32,34.0,56293740
2025-09-12,35.79,35.0,36.07,34.93,53956522
2025-09-15,34.88,34.48,34.99,34.44,37294691
2025-09-16,34.49,34.56,34.72,34.03,35583548
2025-09-17,34.62,35.04,35.3,34.35,44741632
2025-09-18,34.8,34.16,35.47,33.75,64843008
2025-09-19,34.01,33.5,34.39,33.48,37726477
2025-09-22,33.6,34.04,34.08,33.34,32533691
2025-09-23,33.9,32.73,33.9,32.09,61570197
2025-09-24,32.54,33.42,33.48,32.43,42473087
2025-09-25,33.8,34.58,34.98,33.62,65437820
2025-09-26,34.5,33.47,34.75,33.47,42567807
2025-09-29,33.28,34.23,34.78,32.81,60363649
2025-09-30,34.25,34.52,34.66,34.16,42275619
2025-10-09,34.52,35.33,35.52,34.16,66709097
2025-10-10,35.01,34.02,35.04,33.91,50555773
2025-10-13,32.36,33.47,33.73,32.28,39472446
2025-10-14,33.84,32.8,34.35,32.65,40999857
2025-10-15,32.8,33.07,33.15,32.53,23982534
2025-10-16,33.0,32.16,33.0,32.04,37654296
2025-10-17,32.18,31.14,32.37,31.02,35486427
2025-10-20,31.5,31.27,31.79,31.11,25200252
2025-10-21,31.39,31.83,32.08,31.35,27857204
2025-10-22,31.6,31.56,31.79,31.42,15209285
2025-10-23,31.56,31.96,32.0,31.17,21738007
2025-10-24,32.2,32.24,32.35,31.88,26128977
2025-10-27,32.5,32.5,32.75,32.23,29540429
2025-10-28,32.51,32.32,32.81,32.24,28892344
2025-10-29,32.18,32.56,32.65,32.0,30479232
2025-10-30,32.5,31.97,32.55,31.93,32266068
2025-10-31,31.2,31.46,31.88,31.06,38692243
2025-11-03,31.48,31.24,31.6,30.68,32506935
2025-11-04,31.08,30.26,31.2,30.09,42366679
2025-11-05,29.97,29.82,30.19,29.36,39785688
2025-11-06,29.8,30.08,30.27,29.8,23034711
2025-11-07,29.83,29.62,29.94,29.61,20766981
2025-11-10,29.62,29.81,29.84,29.48,22002773
2025-11-11,29.81,29.13,29.85,29.07,29740743
2025-11-12,29.1,28.95,29.11,28.8,19528265
2025-11-13,29.09,29.55,29.57,28.96,24127738
2025-11-14,29.23,28.86,29.37,28.86,20820014
2025-11-17,28.79,28.98,29.19,28.71,17260752
2025-11-18,28.95,29.8,30.05,28.83,49440319
2025-11-19,29.9,29.51,30.28,29.4,31268838
2025-11-20,29.86,28.98,29.88,28.88,24131319
2025-11-21,28.6,28.35,28.98,28.15,29353068
2025-11-24,28.53,29.5,29.54,28.39,36910955
2025-11-25,29.6,29.7,30.32,29.45,38118496
2025-11-26,29.4,29.61,30.14,29.36,27085388
2025-11-27,29.48,29.24,29.74,29.18,23134850
2025-11-28,29.15,29.32,29.38,28.98,17302700
2025-12-01,29.19,29.44,29.45,29.0,19876708
2025-12-02,29.42,28.98,29.42,28.9,21190555
2025-12-03,28.95,28.29,29.08,28.11,26013742
2025-12-04,28.3,28.38,28.55,28.12,16091374
2025-12-05,28.38,29.22,29.47,28.11,43173027
2025-12-08,29.52,29.93,30.18,29.44,45892868
2025-12-09,29.7,29.42,29.87,29.33,23600444
2025-12-10,29.3,29.7,29.75,28.9,25209090
2025-12-11,29.69,29.0,29.83,29.0,20251623
2025-12-12,29.0,29.35,29.48,28.73,23388335
2025-12-15,29.1,28.84,29.38,28.71,19068824
2025-12-16,28.78,28.99,29.3,28.51,25072595
2025-12-17,28.98,29.53,29.68,28.48,37132541
2025-12-18,29.35,29.02,29.47,29.02,22847033
2025-12-19,29.12,29.17,29.55,28.99,23449049
2025-12-22,29.23,29.49,29.73,29.23,26416148
2025-12-23,29.5,29.2,29.55,29.13,19525762
2025-12-24,29.1,29.61,29.71,29.05,28171753
2025-12-25,29.65,30.09,30.17,29.6,38234913
2025-12-26,29.99,29.98,30.5,29.88,37778555
2025-12-29,29.93,30.2,30.52,29.89,37959320
2025-12-30,30.2,30.27,30.58,30.08,40370457
2025-12-31,30.26,30.15,30.42,30.03,29780638
2026-01-05,30.18,30.74,30.75,29.9,43819364
2026-01-06,30.86,31.59,31.75,30.61,66535820
2026-01-07,31.52,30.96,31.52,30.82,56108544
2026-01-08,30.83,30.88,31.13,30.7,32116157
2026-01-09,30.86,31.26,31.28,30.69,47791655
2026-01-12,31.7,33.42,33.64,31.62,111648473
2026-01-13,34.39,32.89,34.51,32.72,108553195
2026-01-14,32.71,35.13,36.18,32.71,251942868
2026-01-15,34.3,34.24,35.84,33.9,147228601
2026-01-16,34.05,33.2,34.84,33.08,91815421
2026-01-19,32.93,32.84,33.12,32.5,60519787
2026-01-20,33.17,32.4,33.39,32.03,56214851
2026-01-21,32.2,32.31,32.78,32.17,43126892
2026-01-22,32.5,32.26,32.96,32.1,55820276
2026-01-23,32.45,32.7,32.76,32.39,49826485
2026-01-26,32.75,32.11,32.83,31.77,54915962
2026-01-27,32.39,32.66,32.92,31.85,51664629
2026-01-28,32.67,32.27,32.8,32.23,36871425
2026-01-29,32.01,32.27,32.78,31.32,50589557
2026-01-30,31.95,31.05,32.11,31.0,52834097
2026-02-02,30.9,30.17,31.26,30.17,37443818
2026-02-03,30.49,30.65,30.67,30.11,28022856
2026-02-04,30.35,30.44,30.57,29.82,35041639
2026-02-05,30.2,30.08,30.38,29.96,23029399
2026-02-06,29.8,29.77,30.13,29.56,22936621
2026-02-09,30.25,30.51,30.56,30.14,27619376
2026-02-10,30.58,30.85,31.06,30.37,26539621
2026-02-11,30.85,30.76,31.11,30.71,20166788
2026-02-12,30.74,30.74,30.9,30.51,22780328
2026-02-13,30.62,30.4,30.88,30.33,22846562
2026-02-24,30.58,30.02,30.68,29.93,26207802
2026-02-25,30.06,30.15,30.39,30.02,19825798
2026-02-26,30.3,29.85,30.49,29.78,27872918
2026-02-27,29.81,30.02,30.11,29.8,20579704
