Date,StockCode,Action,Shares,Price,Amount,PnL_Amount,PnL_Percent,Reason,Cash_Remaining
2025-03-03,002245,BUY,12700,15.75,199979.55,0.0,0.0,主升浪启动,800020.45
2025-03-03,300450,BUY,8200,24.13,197879.16,0.0,0.0,主升浪启动,602141.29
2025-03-03,600031,BUY,11000,18.18,199977.67,0.0,0.0,主升浪启动,402163.62
2025-03-03,688213,BUY,1800,110.44,198783.05,0.0,0.0,主升浪启动,203380.57
2025-03-03,002074,BUY,8200,24.12,197804.4,0.0,0.0,主升浪启动,5576.17
2025-03-03,300457,BUY,200,21.77,4354.71,0.0,0.0,主升浪启动,1221.47
2025-03-04,002245,SELL,12700,15.01,190625.26,-9354.29,-4.68,止损,191846.73
2025-03-04,002049,BUY,2800,67.76,189724.24,0.0,0.0,主升浪启动,2122.49
2025-03-04,002389,BUY,100,19.86,1985.77,0.0,0.0,主升浪启动,136.72
2025-03-04,300457,SELL,200,21.0,4199.61,-155.1,-3.56,策略S点(破均线),4336.32
2025-03-04,600879,BUY,400,9.44,3774.67,0.0,0.0,主升浪启动,561.65
2025-03-05,688213,SELL,1800,105.81,190454.8,-8328.25,-4.19,止损,191016.45
2025-03-05,000157,BUY,24600,7.76,190777.87,0.0,0.0,主升浪启动,238.58
2025-03-05,300450,SELL,8200,23.34,191416.8,-6462.36,-3.27,策略S点(破均线),191655.38
2025-03-05,600667,BUY,24600,7.77,191065.51,0.0,0.0,主升浪启动,589.88
2025-03-05,002195,BUY,100,5.73,573.0,0.0,0.0,主升浪启动,16.88
2025-03-06,002074,SELL,8200,23.37,191674.1,-6130.3,-3.1,止损,191690.97
2025-03-06,002155,BUY,12200,15.71,191638.53,0.0,0.0,主升浪启动,52.44
2025-03-07,002195,SELL,100,6.93,693.0,120.0,20.94,止盈,745.44
2025-03-07,000932,BUY,100,5.13,513.04,0.0,0.0,主升浪启动,232.4
2025-03-10,600667,SELL,24600,7.44,183064.03,-8001.47,-4.19,止损,183296.43
2025-03-10,603799,BUY,4800,37.88,181842.66,0.0,0.0,主升浪启动,1453.76
2025-03-11,600398,BUY,100,8.37,837.3,0.0,0.0,主升浪启动,616.47
2025-03-11,000932,SELL,100,4.97,497.41,-15.64,-3.05,止损,1113.87
2025-03-13,000157,SELL,24600,7.63,187771.67,-3006.2,-1.58,策略S点(破均线),188885.55
2025-03-13,688166,BUY,4400,42.27,185977.99,0.0,0.0,主升浪启动,2907.55
2025-03-14,002517,BUY,100,17.84,1783.54,0.0,0.0,主升浪启动,1124.01
2025-03-14,002155,SELL,12200,19.03,232179.24,40540.71,21.15,止盈,233303.25
2025-03-14,600519,BUY,100,1569.98,156998.12,0.0,0.0,主升浪启动,76305.13
2025-03-14,601059,BUY,4100,18.38,75365.32,0.0,0.0,主升浪启动,939.81
2025-03-14,600398,SELL,100,8.1,809.97,-27.32,-3.26,止损,1749.79
2025-03-17,002292,BUY,100,11.3,1130.0,0.0,0.0,主升浪启动,619.79
2025-03-17,002049,SELL,2800,68.44,191622.04,1897.8,1.0,策略S点(破均线),192241.83
2025-03-17,300316,BUY,5500,34.94,192177.69,0.0,0.0,主升浪启动,64.13
2025-03-18,603799,SELL,4800,36.66,175976.77,-5865.89,-3.23,止损,176040.91
2025-03-18,002008,BUY,5800,29.84,173095.26,0.0,0.0,主升浪启动,2945.65
2025-03-18,002236,BUY,100,19.11,1911.21,0.0,0.0,主升浪启动,1034.44
2025-03-18,002389,SELL,100,20.93,2093.49,107.72,5.42,策略S点(破均线),3127.93
2025-03-18,601059,SELL,4100,17.72,72670.78,-2694.53,-3.58,止损,75798.71
2025-03-18,600031,SELL,11000,19.26,211891.23,11913.56,5.96,策略S点(破均线),287689.95
2025-03-18,600547,BUY,7400,26.76,198016.97,0.0,0.0,主升浪启动,89672.97
2025-03-18,600879,SELL,400,9.63,3850.25,75.57,2.0,策略S点(破均线),93523.22
2025-03-18,002384,BUY,2500,36.99,92470.94,0.0,0.0,主升浪启动,1052.28
2025-03-19,002517,SELL,100,17.17,1716.93,-66.61,-3.73,止损,2769.21
2025-03-19,002236,SELL,100,18.19,1818.82,-92.38,-4.83,策略S点(破均线),4588.03
2025-03-19,002195,BUY,600,6.85,4110.0,0.0,0.0,主升浪启动,478.03
2025-03-19,688166,SELL,4400,40.83,179652.81,-6325.18,-3.4,止损,180130.84
2025-03-20,600176,BUY,14400,12.44,179164.73,0.0,0.0,主升浪启动,966.11
2025-03-20,002384,SELL,2500,35.62,89054.4,-3416.54,-3.69,止损,90020.51
2025-03-21,002008,SELL,5800,28.94,167834.35,-5260.91,-3.04,止损,257854.87
2025-03-21,600522,BUY,12900,15.44,199176.98,0.0,0.0,主升浪启动,58677.89
2025-03-21,002195,SELL,600,6.5,3900.0,-210.0,-5.11,止损,62577.89
2025-03-21,600519,SELL,100,1517.66,151765.53,-5232.6,-3.33,策略S点(破均线),214343.41
2025-03-21,002292,SELL,100,10.35,1035.0,-95.0,-8.41,止损,215378.41
2025-03-21,000039,BUY,21300,9.36,199348.96,0.0,0.0,主升浪启动,16029.45
2025-03-21,300316,SELL,5500,33.86,186214.49,-5963.2,-3.1,止损,202243.95
2025-03-24,000878,BUY,14300,13.97,199801.92,0.0,0.0,主升浪启动,2442.03
2025-03-24,601168,BUY,100,17.1,1710.37,0.0,0.0,主升浪启动,731.66
2025-03-24,600547,SELL,7400,25.95,192005.35,-6011.62,-3.04,止损,192737.01
2025-03-24,000630,BUY,55500,3.47,192716.49,0.0,0.0,主升浪启动,20.52
2025-03-25,600522,SELL,12900,14.67,189199.18,-9977.79,-5.01,策略S点(破均线),189219.71
2025-03-25,300573,BUY,3200,58.79,188141.44,0.0,0.0,主升浪启动,1078.27
2025-03-27,600499,BUY,100,8.49,848.76,0.0,0.0,主升浪启动,229.51
2025-03-27,300573,SELL,3200,56.39,180437.13,-7704.31,-4.09,止损,180666.64
2025-03-27,603259,BUY,2700,66.34,179117.22,0.0,0.0,主升浪启动,1549.42
2025-03-27,000878,SELL,14300,13.33,190554.42,-9247.49,-4.63,止损,192103.84
2025-03-27,600415,BUY,13100,14.56,190734.23,0.0,0.0,主升浪启动,1369.61
2025-03-27,601168,SELL,100,16.53,1653.13,-57.23,-3.35,策略S点(破均线),3022.75
2025-03-27,000630,SELL,55500,3.38,187392.83,-5323.66,-2.76,策略S点(破均线),190415.58
2025-03-27,688521,BUY,1600,107.66,172256.0,0.0,0.0,主升浪启动,18159.58
2025-03-27,000039,SELL,21300,9.01,191842.1,-7506.86,-3.77,止损,210001.67
2025-03-28,600208,BUY,59500,3.36,199920.0,0.0,0.0,主升浪启动,10081.67
2025-03-28,000975,BUY,500,18.36,9179.14,0.0,0.0,主升浪启动,902.54
2025-03-31,603259,SELL,2700,65.68,177326.05,-1791.17,-1.0,策略S点(破均线),178228.59
2025-03-31,600208,SELL,59500,3.1,184450.0,-15470.0,-7.74,策略S点(破均线),362678.59
2025-03-31,688521,SELL,1600,104.4,167040.0,-5216.0,-3.03,止损,529718.59
2025-04-01,688617,BUY,600,279.86,167914.76,0.0,0.0,主升浪启动,361803.82
2025-04-01,300573,BUY,3500,56.38,197328.69,0.0,0.0,主升浪启动,164475.14
2025-04-01,688235,BUY,600,249.51,149706.0,0.0,0.0,主升浪启动,14769.14
2025-04-01,603899,BUY,400,30.73,12292.01,0.0,0.0,主升浪启动,2477.13
2025-04-02,300573,SELL,3500,55.16,193054.33,-4274.36,-2.17,策略S点(破均线),195531.46
2025-04-02,002422,BUY,5300,36.4,192909.85,0.0,0.0,主升浪启动,2621.61
2025-04-02,000975,SELL,500,18.11,9056.42,-122.72,-1.34,策略S点(破均线),11678.04
2025-04-03,600176,SELL,14400,12.39,178466.5,-698.23,-0.39,策略S点(破均线),190144.54
2025-04-07,603899,SELL,400,28.5,11399.38,-892.63,-7.26,止损,201543.92
2025-04-07,600161,BUY,9200,21.73,199955.27,0.0,0.0,主升浪启动,1588.65
2025-04-07,002422,SELL,5300,34.41,182378.01,-10531.83,-5.46,止损,183966.66
2025-04-07,600415,SELL,13100,13.0,170270.84,-20463.39,-10.73,止损,354237.5
2025-04-07,600499,SELL,100,8.06,805.59,-43.17,-5.09,止损,355043.08
2025-04-07,688235,SELL,600,222.0,133200.0,-16506.0,-11.03,止损,488243.08
2025-04-08,600258,BUY,13600,14.66,199375.1,0.0,0.0,主升浪启动,288867.98
2025-04-08,600312,BUY,11000,18.17,199816.25,0.0,0.0,主升浪启动,89051.73
2025-04-08,600025,BUY,9700,9.16,88886.54,0.0,0.0,主升浪启动,165.19
2025-04-11,600312,SELL,11000,17.49,192343.45,-7472.8,-3.74,策略S点(破均线),192508.63
2025-04-11,300661,BUY,2100,87.87,184522.04,0.0,0.0,主升浪启动,7986.59
2025-04-11,600988,BUY,300,25.54,7661.43,0.0,0.0,主升浪启动,325.15
2025-04-15,600161,SELL,9200,21.6,198683.98,-1271.29,-0.64,策略S点(破均线),199009.14
2025-04-15,300972,BUY,1700,112.62,191446.09,0.0,0.0,主升浪启动,7563.05
2025-04-15,601077,BUY,1200,6.16,7395.53,0.0,0.0,主升浪启动,167.51
2025-04-18,600025,SELL,9700,9.09,88221.08,-665.46,-0.75,策略S点(破均线),88388.59
2025-04-18,000963,BUY,2300,37.76,86857.63,0.0,0.0,主升浪启动,1530.96
2025-04-18,600258,SELL,13600,14.77,200832.33,1457.23,0.73,策略S点(破均线),202363.29
2025-04-21,000975,BUY,9000,22.14,199241.29,0.0,0.0,主升浪启动,3122.0
2025-04-21,600489,BUY,200,15.03,3005.01,0.0,0.0,主升浪启动,116.99
2025-04-22,600988,SELL,300,31.8,9539.53,1878.09,24.51,止盈,9656.52
2025-04-22,001391,BUY,1300,7.39,9601.75,0.0,0.0,主升浪启动,54.78
2025-04-23,001391,SELL,1300,7.22,9382.65,-219.1,-2.28,策略S点(破均线),9437.42
2025-04-23,300661,SELL,2100,86.09,180799.05,-3723.0,-2.02,策略S点(破均线),190236.47
2025-04-23,600489,SELL,200,14.17,2833.63,-171.38,-5.7,止损,193070.1
2025-04-23,000975,SELL,9000,20.62,185546.21,-13695.08,-6.87,止损,378616.31
2025-04-23,688617,SELL,600,295.64,177386.41,9471.65,5.64,策略S点(破均线),556002.73
2025-04-24,002891,BUY,3700,53.13,196569.71,0.0,0.0,主升浪启动,359433.02
2025-04-25,002624,BUY,16500,12.08,199394.9,0.0,0.0,主升浪启动,160038.12
2025-04-25,688166,BUY,3600,43.89,158021.8,0.0,0.0,主升浪启动,2016.32
2025-04-25,000963,SELL,2300,36.82,84696.32,-2161.31,-2.49,策略S点(破均线),86712.65
2025-04-25,300972,SELL,1700,140.19,238324.97,46878.88,24.49,止盈,325037.62
2025-04-29,600499,BUY,22500,8.88,199801.94,0.0,0.0,主升浪启动,125235.68
2025-04-30,300972,BUY,700,164.19,114932.43,0.0,0.0,主升浪启动,10303.24
2025-05-06,300346,BUY,300,33.71,10113.79,0.0,0.0,主升浪启动,189.46
2025-05-06,601077,SELL,1200,6.37,7647.39,251.86,3.41,策略S点(破均线),7836.85
2025-05-07,300972,SELL,700,154.68,108277.17,-6655.27,-5.79,止损,116114.01
2025-05-08,300476,BUY,1400,79.82,111748.0,0.0,0.0,主升浪启动,4366.01
2025-05-09,300346,SELL,300,32.04,9611.06,-502.73,-4.97,策略S点(破均线),13977.07
2025-05-09,002701,BUY,2500,5.38,13455.44,0.0,0.0,主升浪启动,521.63
2025-05-14,002624,SELL,16500,13.25,218554.99,19160.1,9.61,策略S点(破均线),219076.63
2025-05-14,600276,BUY,3700,52.71,195025.96,0.0,0.0,主升浪启动,24050.67
2025-05-14,600415,BUY,1400,16.68,23354.73,0.0,0.0,主升浪启动,695.94
2025-05-15,688166,SELL,3600,49.0,176386.39,18364.6,11.62,策略S点(破均线),177082.33
2025-05-15,300476,SELL,1400,76.84,107576.0,-4172.0,-3.73,策略S点(破均线),284658.33
2025-05-16,002595,BUY,3200,60.94,195007.77,0.0,0.0,主升浪启动,89650.56
2025-05-16,000967,BUY,13500,6.61,89246.05,0.0,0.0,主升浪启动,404.51
2025-05-19,601018,BUY,100,4.03,402.85,0.0,0.0,主升浪启动,1.65
2025-05-20,002891,SELL,3700,64.37,238171.57,41601.86,21.16,止盈,238173.22
2025-05-20,002891,BUY,2900,68.82,199590.91,0.0,0.0,主升浪启动,38582.32
2025-05-21,300750,BUY,100,273.09,27309.33,0.0,0.0,主升浪启动,11272.98
2025-05-21,000967,SELL,13500,6.45,87011.62,-2234.44,-2.5,策略S点(破均线),98284.6
2025-05-21,600418,BUY,2400,39.58,94992.0,0.0,0.0,主升浪启动,3292.6
2025-05-21,601018,SELL,100,3.75,375.07,-27.78,-6.9,止损,3667.67
2025-05-22,002891,SELL,2900,63.65,184599.25,-14991.66,-7.51,止损,188266.91
2025-05-22,600660,BUY,3200,58.24,186381.85,0.0,0.0,主升浪启动,1885.06
2025-05-22,601998,BUY,200,7.56,1511.97,0.0,0.0,主升浪启动,373.09
2025-05-23,002701,SELL,2500,5.39,13479.95,24.51,0.18,策略S点(破均线),13853.04
2025-05-26,300750,SELL,100,264.05,26404.6,-904.73,-3.31,止损,40257.64
2025-05-26,600276,SELL,3700,53.35,197395.0,2369.04,1.21,策略S点(破均线),237652.64
2025-05-26,600029,BUY,32100,6.22,199662.0,0.0,0.0,主升浪启动,37990.64
2025-05-26,601111,BUY,4600,8.12,37352.0,0.0,0.0,主升浪启动,638.64
2025-05-27,002595,SELL,3200,59.75,191194.06,-3813.71,-1.96,策略S点(破均线),191832.71
2025-05-27,600415,SELL,1400,16.56,23189.68,-165.05,-0.71,策略S点(破均线),215022.39
2025-05-27,000967,BUY,27400,7.27,199276.75,0.0,0.0,主升浪启动,15745.63
2025-05-27,002074,BUY,600,25.87,15520.13,0.0,0.0,主升浪启动,225.5
2025-05-27,601998,SELL,200,7.33,1465.98,-45.99,-3.04,止损,1691.48
2025-05-28,601009,BUY,100,10.83,1083.23,0.0,0.0,主升浪启动,608.25
2025-05-28,600418,SELL,2400,38.14,91536.0,-3456.0,-3.64,策略S点(破均线),92144.25
2025-05-29,603129,BUY,400,185.96,74384.0,0.0,0.0,主升浪启动,17760.25
2025-05-29,002821,BUY,100,91.9,9190.42,0.0,0.0,主升浪启动,8569.83
2025-05-29,603259,BUY,100,64.49,6448.91,0.0,0.0,主升浪启动,2120.92
2025-05-29,600166,BUY,700,2.8,1960.0,0.0,0.0,主升浪启动,160.92
2025-05-29,002074,SELL,600,24.55,14730.67,-789.46,-5.09,止损,14891.58
2025-05-29,002294,BUY,300,45.25,13575.0,0.0,0.0,主升浪启动,1316.58
2025-05-30,601998,BUY,100,7.63,762.69,0.0,0.0,主升浪启动,553.89
2025-05-30,600660,SELL,3200,57.23,183128.06,-3253.78,-1.75,策略S点(破均线),183681.96
2025-05-30,000963,BUY,4100,43.75,179394.57,0.0,0.0,主升浪启动,4287.38
2025-05-30,002465,BUY,300,13.64,4092.0,0.0,0.0,主升浪启动,195.38
2025-05-30,600029,SELL,32100,6.09,195489.0,-4173.0,-2.09,策略S点(破均线),195684.38
2025-05-30,600499,SELL,22500,10.3,231750.0,31948.06,15.99,超时强平(20天),427434.38
2025-06-03,300558,BUY,3200,60.95,195046.19,0.0,0.0,主升浪启动,232388.19
2025-06-03,002558,BUY,12900,15.39,198509.96,0.0,0.0,主升浪启动,33878.24
2025-06-03,002352,BUY,700,46.95,32863.33,0.0,0.0,主升浪启动,1014.91
2025-06-03,601111,SELL,4600,7.96,36616.0,-736.0,-1.97,策略S点(破均线),37630.91
2025-06-03,000967,SELL,27400,6.98,191273.67,-8003.08,-4.02,止损,228904.58
2025-06-03,601825,BUY,21200,9.41,199419.25,0.0,0.0,主升浪启动,29485.34
2025-06-03,601166,BUY,1300,22.0,28599.21,0.0,0.0,主升浪启动,886.12
2025-06-05,600166,SELL,700,2.66,1862.0,-98.0,-5.0,策略S点(破均线),2748.12
2025-06-05,600392,BUY,200,12.9,2580.84,0.0,0.0,主升浪启动,167.29
2025-06-06,002821,SELL,100,89.47,8946.59,-243.83,-2.65,策略S点(破均线),9113.88
2025-06-09,600867,BUY,1100,7.82,8603.5,0.0,0.0,主升浪启动,510.39
2025-06-09,002465,SELL,300,12.94,3882.0,-210.0,-5.13,止损,4392.39
2025-06-09,600521,BUY,200,19.48,3895.41,0.0,0.0,主升浪启动,496.98
2025-06-10,002352,SELL,700,45.5,31848.35,-1014.98,-3.09,策略S点(破均线),32345.33
2025-06-10,002292,BUY,3000,10.72,32160.0,0.0,0.0,主升浪启动,185.33
2025-06-11,000963,SELL,4100,43.04,176471.11,-2923.47,-1.63,策略S点(破均线),176656.43
2025-06-11,600418,BUY,4200,41.97,176274.0,0.0,0.0,主升浪启动,382.43
2025-06-13,601166,SELL,1300,21.8,28345.91,-253.3,-0.89,策略S点(破均线),28728.34
2025-06-13,600415,BUY,1400,19.3,27020.0,0.0,0.0,主升浪启动,1708.34
2025-06-13,601825,SELL,21200,9.35,198205.74,-1213.5,-0.61,策略S点(破均线),199914.08
2025-06-13,002558,SELL,12900,18.83,242866.13,44356.18,22.34,止盈,442780.21
2025-06-13,002558,BUY,10300,19.39,199767.74,0.0,0.0,主升浪启动,243012.48
2025-06-16,002463,BUY,4900,40.28,197372.0,0.0,0.0,主升浪启动,45640.48
2025-06-16,002130,BUY,1900,23.39,44433.21,0.0,0.0,主升浪启动,1207.26
2025-06-16,300558,SELL,3200,61.55,196959.97,1913.78,0.98,策略S点(破均线),198167.24
2025-06-16,688266,BUY,1600,123.1,196960.0,0.0,0.0,主升浪启动,1207.24
2025-06-16,600673,BUY,100,11.21,1121.0,0.0,0.0,主升浪启动,86.24
2025-06-16,002294,SELL,300,54.5,16350.0,2775.0,20.44,止盈,16436.24
2025-06-16,600867,SELL,1100,7.62,8379.89,-223.61,-2.6,策略S点(破均线),24816.13
2025-06-16,002202,BUY,2400,9.96,23907.94,0.0,0.0,主升浪启动,908.19
2025-06-17,688266,SELL,1600,114.75,183600.0,-13360.0,-6.78,策略S点(破均线),184508.19
2025-06-17,002292,SELL,3000,10.04,30120.0,-2040.0,-6.34,策略S点(破均线),214628.19
2025-06-17,600521,SELL,200,18.97,3794.61,-100.79,-2.59,策略S点(破均线),218422.8
2025-06-18,002916,BUY,1900,103.6,196840.0,0.0,0.0,主升浪启动,21582.8
2025-06-18,600183,BUY,700,29.54,20677.04,0.0,0.0,主升浪启动,905.76
2025-06-18,600392,SELL,200,13.19,2638.28,57.44,2.23,策略S点(破均线),3544.04
2025-06-18,601838,BUY,100,19.32,1931.53,0.0,0.0,主升浪启动,1612.51
2025-06-18,603259,SELL,100,65.49,6548.59,99.67,1.55,策略S点(破均线),8161.1
2025-06-18,002384,BUY,200,36.62,7324.0,0.0,0.0,主升浪启动,837.1
2025-06-20,600418,SELL,4200,41.35,173670.0,-2604.0,-1.48,策略S点(破均线),174507.1
2025-06-20,002352,BUY,3500,49.62,173677.74,0.0,0.0,主升浪启动,829.37
2025-06-20,600415,SELL,1400,18.94,26516.0,-504.0,-1.87,策略S点(破均线),27345.37
2025-06-20,603129,SELL,400,212.4,84960.0,10576.0,14.22,策略S点(破均线),112305.37
2025-06-23,603799,BUY,2900,37.83,109707.0,0.0,0.0,主升浪启动,2598.37
2025-06-23,002130,SELL,1900,22.51,42769.0,-1664.21,-3.75,止损,45367.37
2025-06-23,002152,BUY,3400,13.13,44656.83,0.0,0.0,主升浪启动,710.54
2025-06-23,002916,SELL,1900,98.59,187321.0,-9519.0,-4.84,止损,188031.54
2025-06-23,002074,BUY,6700,27.66,185329.48,0.0,0.0,主升浪启动,2702.05
2025-06-23,000547,BUY,300,7.96,2388.0,0.0,0.0,主升浪启动,314.05
2025-06-23,600183,SELL,700,28.48,19933.36,-743.68,-3.6,止损,20247.41
2025-06-24,300073,BUY,400,43.69,17476.0,0.0,0.0,主升浪启动,2771.41
2025-06-24,601319,BUY,300,8.8,2639.37,0.0,0.0,主升浪启动,132.04
2025-06-26,601009,SELL,100,11.71,1170.6,87.37,8.07,超时强平(20天),1302.64
2025-06-26,002352,SELL,3500,47.81,167334.13,-6343.61,-3.65,止损,168636.76
2025-06-26,300568,BUY,13600,12.32,167514.32,0.0,0.0,主升浪启动,1122.44
2025-06-26,002463,SELL,4900,41.95,205555.0,8183.0,4.15,策略S点(破均线),206677.44
2025-06-27,300476,BUY,1500,132.5,198750.0,0.0,0.0,主升浪启动,7927.44
2025-06-27,601838,SELL,100,19.24,1923.89,-7.63,-0.4,策略S点(破均线),9851.34
2025-06-27,601168,BUY,500,16.58,8289.58,0.0,0.0,主升浪启动,1561.75
2025-06-27,002414,BUY,100,9.7,970.0,0.0,0.0,主升浪启动,591.75
2025-06-27,601998,SELL,100,8.11,810.6,47.91,6.28,策略S点(破均线),1402.35
2025-06-27,603993,BUY,100,8.3,830.0,0.0,0.0,主升浪启动,572.35
2025-06-30,601319,SELL,300,8.51,2554.33,-85.05,-3.22,策略S点(破均线),3126.68
2025-06-30,002555,BUY,100,16.95,1695.07,0.0,0.0,主升浪启动,1431.61
2025-07-01,002152,SELL,3400,13.05,44354.64,-302.19,-0.68,策略S点(破均线),45786.25
2025-07-01,002558,SELL,10300,23.73,244422.91,44655.17,22.35,止盈,290209.16
2025-07-01,002517,BUY,10000,19.98,199800.0,0.0,0.0,主升浪启动,90409.16
2025-07-01,000519,BUY,3900,22.7,88530.0,0.0,0.0,主升浪启动,1879.16
2025-07-01,600795,BUY,300,4.79,1435.99,0.0,0.0,主升浪启动,443.17
2025-07-03,000519,SELL,3900,21.3,83070.0,-5460.0,-6.17,止损,83513.17
2025-07-03,002709,BUY,4400,18.93,83286.2,0.0,0.0,主升浪启动,226.97
2025-07-03,002517,SELL,10000,19.2,192000.0,-7800.0,-3.9,止损,192226.97
2025-07-03,300433,BUY,7900,24.15,190776.33,0.0,0.0,主升浪启动,1450.64
2025-07-04,603799,SELL,2900,37.65,109185.0,-522.0,-0.48,策略S点(破均线),110635.64
2025-07-04,002202,SELL,2400,9.75,23410.84,-497.1,-2.08,策略S点(破均线),134046.48
2025-07-04,688180,BUY,3200,40.21,128672.0,0.0,0.0,主升浪启动,5374.48
2025-07-04,002463,BUY,100,47.3,4730.0,0.0,0.0,主升浪启动,644.48
2025-07-04,000547,SELL,300,8.07,2421.0,33.0,1.38,策略S点(破均线),3065.48
2025-07-04,601166,BUY,100,24.11,2411.25,0.0,0.0,主升浪启动,654.23
2025-07-04,300073,SELL,400,42.27,16908.0,-568.0,-3.25,策略S点(破均线),17562.23
2025-07-04,002938,BUY,400,36.89,14756.0,0.0,0.0,主升浪启动,2806.23
2025-07-04,002558,BUY,100,25.06,2505.59,0.0,0.0,主升浪启动,300.64
2025-07-04,002074,SELL,6700,30.54,204630.46,19300.98,10.41,策略S点(破均线),204931.1
2025-07-04,601818,BUY,47900,4.17,199735.28,0.0,0.0,主升浪启动,5195.82
2025-07-04,600521,BUY,200,22.72,4543.65,0.0,0.0,主升浪启动,652.17
2025-07-04,002384,SELL,200,44.81,8962.0,1638.0,22.36,止盈,9614.17
2025-07-04,000617,BUY,1200,7.52,9025.33,0.0,0.0,主升浪启动,588.84
2025-07-07,300568,SELL,13600,11.88,161555.85,-5958.47,-3.56,止损,162144.69
2025-07-07,600016,BUY,32200,5.03,162074.78,0.0,0.0,主升浪启动,69.91
2025-07-08,600521,SELL,200,21.84,4367.76,-175.9,-3.87,止损,4437.67
2025-07-08,603799,BUY,100,38.89,3889.0,0.0,0.0,主升浪启动,548.67
2025-07-08,600208,BUY,100,3.03,303.0,0.0,0.0,主升浪启动,245.67
2025-07-08,002463,SELL,100,45.45,4545.0,-185.0,-3.91,止损,4790.67
2025-07-08,300285,BUY,200,18.16,3631.71,0.0,0.0,主升浪启动,1158.95
2025-07-08,300433,SELL,7900,22.8,180147.02,-10629.3,-5.57,止损,181305.98
2025-07-08,600141,BUY,8300,21.75,180525.0,0.0,0.0,主升浪启动,780.98
2025-07-08,600673,SELL,100,13.66,1366.0,245.0,21.86,止盈,2146.98
2025-07-08,600704,BUY,300,5.66,1697.38,0.0,0.0,主升浪启动,449.59
2025-07-08,688180,SELL,3200,38.03,121696.0,-6976.0,-5.42,止损,122145.59
2025-07-08,603296,BUY,1400,86.49,121086.0,0.0,0.0,主升浪启动,1059.59
2025-07-09,601168,SELL,500,16.3,8149.76,-139.82,-1.69,策略S点(破均线),9209.35
2025-07-09,600795,SELL,300,4.67,1401.46,-34.53,-2.4,策略S点(破均线),10610.81
2025-07-09,600236,BUY,1400,7.25,10155.71,0.0,0.0,主升浪启动,455.1
2025-07-09,603993,SELL,100,8.06,806.0,-24.0,-2.89,策略S点(破均线),1261.1
2025-07-09,002709,SELL,4400,18.33,80649.17,-2637.03,-3.17,策略S点(破均线),81910.26
2025-07-09,002384,BUY,1700,46.42,78914.0,0.0,0.0,主升浪启动,2996.26
2025-07-10,601155,BUY,200,14.93,2986.0,0.0,0.0,主升浪启动,10.26
2025-07-11,600236,SELL,1400,7.0,9801.27,-354.45,-3.49,止损,9811.53
2025-07-11,600570,BUY,200,34.52,6904.0,0.0,0.0,主升浪启动,2907.53
2025-07-11,600392,BUY,100,14.95,1495.42,0.0,0.0,主升浪启动,1412.11
2025-07-11,600958,BUY,100,10.3,1030.04,0.0,0.0,主升浪启动,382.07
2025-07-11,603296,SELL,1400,83.18,116452.0,-4634.0,-3.83,止损,116834.07
2025-07-11,688166,BUY,1800,60.62,109116.0,0.0,0.0,主升浪启动,7718.07
2025-07-11,603259,BUY,100,76.9,7689.86,0.0,0.0,主升浪启动,28.21
2025-07-11,000617,SELL,1200,9.45,11341.36,2316.02,25.66,止盈,11369.57
2025-07-11,601456,BUY,1000,10.99,10990.37,0.0,0.0,主升浪启动,379.2
2025-07-14,603799,SELL,100,37.82,3782.0,-107.0,-2.75,策略S点(破均线),4161.2
2025-07-14,300390,BUY,200,20.36,4072.0,0.0,0.0,主升浪启动,89.2
2025-07-14,002555,SELL,100,16.5,1649.97,-45.1,-2.66,策略S点(破均线),1739.17
2025-07-14,600673,BUY,100,13.88,1388.0,0.0,0.0,主升浪启动,351.17
2025-07-14,300476,SELL,1500,144.35,216525.0,17775.0,8.94,策略S点(破均线),216876.17
2025-07-15,300442,BUY,3800,52.45,199306.75,0.0,0.0,主升浪启动,17569.41
2025-07-15,300383,BUY,1100,15.96,17556.0,0.0,0.0,主升浪启动,13.41
2025-07-15,601166,SELL,100,23.72,2372.41,-38.84,-1.61,策略S点(破均线),2385.82
2025-07-15,300002,BUY,100,12.95,1295.0,0.0,0.0,主升浪启动,1090.82
2025-07-15,002414,SELL,100,10.13,1013.0,43.0,4.43,策略S点(破均线),2103.82
2025-07-15,300253,BUY,100,10.68,1068.0,0.0,0.0,主升浪启动,1035.82
2025-07-15,601818,SELL,47900,4.14,198367.23,-1368.05,-0.68,策略S点(破均线),199403.05
2025-07-15,000977,BUY,3500,55.79,195265.0,0.0,0.0,主升浪启动,4138.05
2025-07-16,600570,SELL,200,33.33,6666.0,-238.0,-3.45,止损,10804.05
2025-07-16,300558,BUY,100,60.88,6088.0,0.0,0.0,主升浪启动,4716.05
2025-07-16,300390,SELL,200,19.68,3936.0,-136.0,-3.34,止损,8652.05
2025-07-16,002558,SELL,100,24.82,2481.67,-23.92,-0.95,策略S点(破均线),11133.73
2025-07-16,601155,SELL,200,14.31,2862.0,-124.0,-4.15,止损,13995.73
2025-07-17,600521,BUY,600,22.6,13560.0,0.0,0.0,主升浪启动,435.73
2025-07-17,600704,SELL,300,5.51,1652.0,-45.38,-2.67,策略S点(破均线),2087.73
2025-07-17,002436,BUY,100,14.71,1471.0,0.0,0.0,主升浪启动,616.73
2025-07-17,300002,SELL,100,12.65,1265.0,-30.0,-2.32,策略S点(破均线),1881.73
2025-07-18,002938,SELL,400,46.86,18744.0,3988.0,27.03,止盈,20625.73
2025-07-18,002938,BUY,400,47.46,18984.0,0.0,0.0,主升浪启动,1641.73
2025-07-18,600010,BUY,700,2.14,1498.0,0.0,0.0,主升浪启动,143.73
2025-07-18,688166,SELL,1800,74.5,134100.0,24984.0,22.9,止盈,134243.73
2025-07-18,688166,BUY,1400,86.29,120806.0,0.0,0.0,主升浪启动,13437.73
2025-07-18,002266,BUY,4000,3.35,13400.0,0.0,0.0,主升浪启动,37.73
2025-07-18,002384,SELL,1700,58.0,98600.0,19686.0,24.95,止盈,98637.73
2025-07-21,601688,BUY,5200,18.62,96819.66,0.0,0.0,主升浪启动,1818.06
2025-07-21,600019,BUY,200,7.23,1446.47,0.0,0.0,主升浪启动,371.59
2025-07-21,603077,BUY,100,1.88,188.0,0.0,0.0,主升浪启动,183.59
2025-07-21,600673,SELL,100,13.71,1371.0,-17.0,-1.22,策略S点(破均线),1554.59
2025-07-21,600515,BUY,300,3.9,1170.0,0.0,0.0,主升浪启动,384.59
2025-07-21,000629,BUY,100,2.77,277.0,0.0,0.0,主升浪启动,107.59
2025-07-21,600208,SELL,100,3.68,368.0,65.0,21.45,止盈,475.59
2025-07-22,600392,SELL,100,18.66,1865.53,370.11,24.75,止盈,2341.12
2025-07-22,300070,BUY,400,4.82,1928.0,0.0,0.0,主升浪启动,413.12
2025-07-22,600016,SELL,32200,5.09,163895.7,1820.92,1.12,策略S点(破均线),164308.81
2025-07-22,000157,BUY,20800,7.89,164045.47,0.0,0.0,主升浪启动,263.35
2025-07-22,600521,SELL,600,21.57,12942.0,-618.0,-4.56,止损,13205.35
2025-07-22,601179,BUY,1700,7.41,12600.4,0.0,0.0,主升浪启动,604.94
2025-07-22,300442,SELL,3800,50.34,191276.47,-8030.29,-4.03,止损,191881.41
2025-07-22,000933,BUY,9800,19.39,190022.0,0.0,0.0,主升浪启动,1859.41
2025-07-22,601233,BUY,100,12.05,1205.0,0.0,0.0,主升浪启动,654.41
2025-07-22,000630,BUY,100,3.6,360.24,0.0,0.0,主升浪启动,294.17
2025-07-22,300383,SELL,1100,15.33,16863.0,-693.0,-3.95,止损,17157.17
2025-07-23,600143,BUY,1300,12.78,16614.0,0.0,0.0,主升浪启动,543.17
2025-07-23,000977,SELL,3500,54.11,189385.0,-5880.0,-3.01,止损,189928.17
2025-07-23,688012,BUY,800,198.51,158808.0,0.0,0.0,主升浪启动,31120.17
2025-07-23,600864,BUY,4500,6.9,31050.0,0.0,0.0,主升浪启动,70.17
2025-07-23,002938,SELL,400,46.01,18404.0,-580.0,-3.06,止损,18474.17
2025-07-23,002821,BUY,100,102.92,10292.0,0.0,0.0,主升浪启动,8182.17
2025-07-23,000426,BUY,400,19.46,7784.39,0.0,0.0,主升浪启动,397.77
2025-07-23,300253,SELL,100,10.34,1034.0,-34.0,-3.18,止损,1431.77
2025-07-23,002266,SELL,4000,4.47,17880.0,4480.0,33.43,止盈,19311.77
2025-07-24,002008,BUY,700,26.87,18809.0,0.0,0.0,主升浪启动,502.77
2025-07-24,601868,BUY,100,2.97,297.39,0.0,0.0,主升浪启动,205.39
2025-07-24,601179,SELL,1700,6.86,11655.8,-944.61,-7.5,止损,11861.18
2025-07-24,600859,BUY,800,14.79,11832.0,0.0,0.0,主升浪启动,29.18
2025-07-24,000157,SELL,20800,7.45,155051.32,-8994.15,-5.48,止损,155080.5
2025-07-24,601866,BUY,59000,2.63,155068.59,0.0,0.0,主升浪启动,11.91
2025-07-25,600010,SELL,700,2.59,1813.0,315.0,21.03,止盈,1824.91
2025-07-25,300558,SELL,100,61.82,6182.0,94.0,1.54,策略S点(破均线),8006.91
2025-07-25,000683,BUY,1300,6.0,7800.0,0.0,0.0,主升浪启动,206.91
2025-07-25,601868,SELL,100,2.87,286.52,-10.87,-3.65,止损,493.43
2025-07-28,000426,SELL,400,18.48,7393.78,-390.61,-5.02,止损,7887.21
2025-07-28,605589,BUY,200,32.16,6432.0,0.0,0.0,主升浪启动,1455.21
2025-07-28,600208,BUY,300,4.11,1233.0,0.0,0.0,主升浪启动,222.21
2025-07-28,600019,SELL,200,7.15,1430.75,-15.72,-1.09,策略S点(破均线),1652.96
2025-07-28,600859,SELL,800,14.25,11400.0,-432.0,-3.65,止损,13052.96
2025-07-28,000683,SELL,1300,5.81,7553.0,-247.0,-3.17,止损,20605.96
2025-07-28,002938,BUY,400,49.25,19700.0,0.0,0.0,主升浪启动,905.96
2025-07-28,000933,SELL,9800,18.7,183260.0,-6762.0,-3.56,止损,184165.96
2025-07-28,600183,BUY,4400,41.0,180385.19,0.0,0.0,主升浪启动,3780.77
2025-07-28,002414,BUY,300,11.22,3366.0,0.0,0.0,主升浪启动,414.77
2025-07-29,002436,SELL,100,18.4,1840.0,369.0,25.08,止盈,2254.77
2025-07-29,603806,BUY,100,14.69,1469.0,0.0,0.0,主升浪启动,785.77
2025-07-29,601866,SELL,59000,2.53,149260.78,-5807.81,-3.75,止损,150046.55
2025-07-29,000032,BUY,6500,22.93,149045.0,0.0,0.0,主升浪启动,1001.55
2025-07-29,603259,SELL,100,93.15,9314.54,1624.69,21.13,止盈,10316.09
2025-07-29,603259,BUY,100,98.37,9836.84,0.0,0.0,主升浪启动,479.25
2025-07-30,601456,SELL,1000,11.38,11378.27,387.9,3.53,策略S点(破均线),11857.52
2025-07-30,601138,BUY,300,32.46,9738.84,0.0,0.0,主升浪启动,2118.68
2025-07-30,600010,BUY,700,2.92,2044.0,0.0,0.0,主升浪启动,74.68
2025-07-30,000629,SELL,100,2.79,279.0,2.0,0.72,策略S点(破均线),353.68
2025-07-31,000032,SELL,6500,22.14,143910.0,-5135.0,-3.45,止损,144263.68
2025-07-31,300474,BUY,1800,79.6,143280.0,0.0,0.0,主升浪启动,983.68
2025-07-31,603077,SELL,100,1.87,187.0,-1.0,-0.53,策略S点(破均线),1170.68
2025-07-31,300070,SELL,400,4.63,1852.0,-76.0,-3.94,策略S点(破均线),3022.68
2025-07-31,600864,SELL,4500,6.63,29835.0,-1215.0,-3.91,策略S点(破均线),32857.68
2025-07-31,300058,BUY,4700,6.95,32665.0,0.0,0.0,主升浪启动,192.68
2025-07-31,600515,SELL,300,3.93,1179.0,9.0,0.77,策略S点(破均线),1371.68
2025-07-31,600141,SELL,8300,24.77,205591.0,25066.0,13.89,策略S点(破均线),206962.68
2025-07-31,002851,BUY,3300,59.38,195954.0,0.0,0.0,主升浪启动,11008.68
2025-07-31,300394,BUY,100,105.34,10533.63,0.0,0.0,主升浪启动,475.05
2025-07-31,000630,SELL,100,3.44,344.4,-15.83,-4.4,策略S点(破均线),819.45
2025-07-31,300285,SELL,200,18.36,3671.62,39.91,1.1,策略S点(破均线),4491.07
2025-08-01,601688,SELL,5200,19.37,100729.01,3909.34,4.04,策略S点(破均线),105220.08
2025-08-01,600958,SELL,100,11.04,1104.25,74.21,7.2,策略S点(破均线),106324.33
2025-08-01,600233,BUY,6700,15.73,105391.0,0.0,0.0,主升浪启动,933.33
2025-08-01,600010,SELL,700,2.61,1827.0,-217.0,-10.62,止损,2760.33
2025-08-01,688012,SELL,800,192.51,154008.0,-4800.0,-3.02,策略S点(破均线),156768.33
2025-08-01,600143,SELL,1300,12.39,16107.0,-507.0,-3.05,策略S点(破均线),172875.33
2025-08-01,603259,SELL,100,95.28,9527.85,-308.99,-3.14,止损,182403.18
2025-08-01,300724,BUY,2700,66.19,178713.0,0.0,0.0,主升浪启动,3690.18
2025-08-01,002120,BUY,400,8.07,3228.0,0.0,0.0,主升浪启动,462.18
2025-08-04,002008,SELL,700,26.47,18529.0,-280.0,-1.49,策略S点(破均线),18991.18
2025-08-04,603993,BUY,2000,9.26,18520.0,0.0,0.0,主升浪启动,471.18
2025-08-04,600183,SELL,4400,39.72,174749.52,-5635.67,-3.12,止损,175220.7
2025-08-04,688036,BUY,2000,84.18,168358.74,0.0,0.0,主升浪启动,6861.96
2025-08-04,002821,SELL,100,110.08,11008.0,716.0,6.96,策略S点(破均线),17869.96
2025-08-04,600316,BUY,300,44.85,13455.0,0.0,0.0,主升浪启动,4414.96
2025-08-04,601233,SELL,100,12.15,1215.0,10.0,0.83,策略S点(破均线),5629.96
2025-08-04,000032,BUY,200,26.0,5200.0,0.0,0.0,主升浪启动,429.96
2025-08-04,688166,SELL,1400,98.07,137298.0,16492.0,13.65,策略S点(破均线),137727.96
2025-08-04,603087,BUY,2100,63.28,132888.0,0.0,0.0,主升浪启动,4839.96
2025-08-04,000408,BUY,100,46.93,4692.67,0.0,0.0,主升浪启动,147.29
2025-08-05,002938,SELL,400,48.7,19480.0,-220.0,-1.12,策略S点(破均线),19627.29
2025-08-06,300068,BUY,1100,16.63,18293.0,0.0,0.0,主升浪启动,1334.29
2025-08-06,603806,SELL,100,14.23,1423.0,-46.0,-3.13,止损,2757.29
2025-08-06,300024,BUY,100,20.09,2009.0,0.0,0.0,主升浪启动,748.29
2025-08-06,300394,SELL,100,101.63,10162.67,-370.97,-3.52,止损,10910.96
2025-08-06,600580,BUY,400,24.94,9976.0,0.0,0.0,主升浪启动,934.96
2025-08-06,000630,BUY,200,3.99,797.67,0.0,0.0,主升浪启动,137.29
2025-08-07,605589,SELL,200,31.0,6200.0,-232.0,-3.61,策略S点(破均线),6337.29
2025-08-07,002008,BUY,200,29.13,5826.0,0.0,0.0,主升浪启动,511.29
2025-08-07,600010,BUY,100,2.62,262.0,0.0,0.0,主升浪启动,249.29
2025-08-08,300024,SELL,100,19.13,1913.0,-96.0,-4.78,止损,2162.29
2025-08-08,300003,BUY,100,17.12,1711.68,0.0,0.0,主升浪启动,450.6
2025-08-08,300068,SELL,1100,15.86,17446.0,-847.0,-4.63,止损,17896.6
2025-08-08,600673,BUY,1100,15.85,17435.0,0.0,0.0,主升浪启动,461.6
2025-08-08,600010,SELL,100,2.58,258.0,-4.0,-1.53,策略S点(破均线),719.6
2025-08-08,000032,SELL,200,24.5,4900.0,-300.0,-5.77,止损,5619.6
2025-08-08,002738,BUY,100,39.41,3941.0,0.0,0.0,主升浪启动,1678.6
2025-08-11,600879,BUY,100,11.68,1168.0,0.0,0.0,主升浪启动,510.6
2025-08-11,300058,SELL,4700,6.96,32712.0,47.0,0.14,策略S点(破均线),33222.6
2025-08-11,002812,BUY,1000,31.72,31720.0,0.0,0.0,主升浪启动,1502.6
2025-08-11,600316,SELL,300,43.7,13110.0,-345.0,-2.56,策略S点(破均线),14612.6
2025-08-11,000792,BUY,700,19.86,13902.0,0.0,0.0,主升浪启动,710.6
2025-08-11,002131,BUY,100,4.02,402.0,0.0,0.0,主升浪启动,308.6
2025-08-11,600580,SELL,400,24.17,9668.0,-308.0,-3.09,止损,9976.6
2025-08-12,600498,BUY,300,25.2,7560.0,0.0,0.0,主升浪启动,2416.6
2025-08-12,000066,BUY,100,15.91,1591.0,0.0,0.0,主升浪启动,825.6
2025-08-12,603087,SELL,2100,61.01,128121.0,-4767.0,-3.59,策略S点(破均线),128946.6
2025-08-12,300274,BUY,1400,87.53,122541.62,0.0,0.0,主升浪启动,6404.98
2025-08-12,300002,BUY,400,14.01,5604.0,0.0,0.0,主升浪启动,800.98
2025-08-13,688036,SELL,2000,82.01,164015.92,-4342.82,-2.58,策略S点(破均线),164816.9
2025-08-13,300476,BUY,600,238.0,142800.0,0.0,0.0,主升浪启动,22016.9
2025-08-13,300285,BUY,1100,19.94,21938.93,0.0,0.0,主升浪启动,77.97
2025-08-13,601138,SELL,300,39.5,11851.31,2112.47,21.69,止盈,11929.28
2025-08-13,601138,BUY,200,43.44,8688.57,0.0,0.0,主升浪启动,3240.7
2025-08-13,600699,BUY,100,19.55,1955.0,0.0,0.0,主升浪启动,1285.7
2025-08-13,300017,BUY,100,11.84,1184.0,0.0,0.0,主升浪启动,101.7
2025-08-13,600879,SELL,100,11.27,1127.0,-41.0,-3.51,止损,1228.7
2025-08-14,002195,BUY,200,6.13,1226.0,0.0,0.0,主升浪启动,2.7
2025-08-14,002120,SELL,400,8.11,3244.0,16.0,0.5,策略S点(破均线),3246.7
2025-08-14,600143,BUY,200,15.78,3156.0,0.0,0.0,主升浪启动,90.7
2025-08-14,300724,SELL,2700,67.04,181008.0,2295.0,1.28,策略S点(破均线),181098.7
2025-08-14,300024,BUY,8900,20.32,180848.0,0.0,0.0,主升浪启动,250.7
2025-08-14,600208,SELL,300,4.98,1494.0,261.0,21.17,止盈,1744.7
2025-08-14,002008,SELL,200,35.68,7136.0,1310.0,22.49,止盈,8880.7
2025-08-14,300068,BUY,500,17.31,8655.0,0.0,0.0,主升浪启动,225.7
2025-08-14,600233,SELL,6700,16.08,107736.0,2345.0,2.23,策略S点(破均线),107961.7
2025-08-15,601600,BUY,13700,7.85,107551.34,0.0,0.0,主升浪启动,410.37
2025-08-15,002414,SELL,300,12.62,3786.0,420.0,12.48,策略S点(破均线),4196.37
2025-08-15,600522,BUY,200,15.19,3038.0,0.0,0.0,主升浪启动,1158.37
2025-08-15,000792,SELL,700,18.96,13272.0,-630.0,-4.53,止损,14430.37
2025-08-15,002044,BUY,2600,5.51,14326.0,0.0,0.0,主升浪启动,104.37
2025-08-15,300476,SELL,600,227.87,136722.0,-6078.0,-4.26,止损,136826.37
2025-08-18,300442,BUY,2400,56.43,135433.48,0.0,0.0,主升浪启动,1392.89
2025-08-18,002120,BUY,100,8.75,875.0,0.0,0.0,主升浪启动,517.89
2025-08-18,603993,SELL,2000,11.3,22600.0,4080.0,22.03,止盈,23117.89
2025-08-18,000063,BUY,600,38.31,22986.0,0.0,0.0,主升浪启动,131.89
2025-08-18,000408,SELL,100,48.86,4885.99,193.32,4.12,策略S点(破均线),5017.87
2025-08-18,002241,BUY,100,28.17,2816.6,0.0,0.0,主升浪启动,2201.27
2025-08-18,002600,BUY,100,11.12,1111.54,0.0,0.0,主升浪启动,1089.73
2025-08-18,002851,SELL,3300,73.88,243804.0,47850.0,24.42,止盈,244893.73
2025-08-18,002851,BUY,2500,78.52,196300.0,0.0,0.0,主升浪启动,48593.73
2025-08-18,300413,BUY,1800,26.45,47610.0,0.0,0.0,主升浪启动,983.73
2025-08-19,600208,BUY,100,5.54,554.0,0.0,0.0,主升浪启动,429.73
2025-08-19,000630,SELL,200,4.07,813.51,15.83,1.99,策略S点(破均线),1243.24
2025-08-19,600839,BUY,100,11.67,1167.0,0.0,0.0,主升浪启动,76.24
2025-08-19,300474,SELL,1800,83.27,149886.0,6606.0,4.61,策略S点(破均线),149962.24
2025-08-19,600111,BUY,3300,44.45,146685.0,0.0,0.0,主升浪启动,3277.24
2025-08-19,600487,BUY,100,18.66,1866.0,0.0,0.0,主升浪启动,1411.24
2025-08-20,002456,BUY,100,13.2,1320.0,0.0,0.0,主升浪启动,91.24
2025-08-20,002131,SELL,100,5.27,527.0,125.0,31.09,止盈,618.24
2025-08-20,002851,SELL,2500,72.0,180000.0,-16300.0,-8.3,止损,180618.24
2025-08-20,002841,BUY,4400,40.5,178200.0,0.0,0.0,主升浪启动,2418.24
2025-08-20,601600,SELL,13700,7.48,102416.98,-5134.36,-4.77,止损,104835.22
2025-08-20,300751,BUY,1300,79.97,103957.34,0.0,0.0,主升浪启动,877.88
2025-08-21,300088,BUY,100,6.8,680.0,0.0,0.0,主升浪启动,197.88
2025-08-21,002738,SELL,100,40.67,4067.0,126.0,3.2,策略S点(破均线),4264.88
2025-08-21,600208,SELL,100,4.88,488.0,-66.0,-11.91,止损,4752.88
2025-08-21,002145,BUY,900,4.9,4410.0,0.0,0.0,主升浪启动,342.88
2025-08-21,002812,SELL,1000,31.45,31450.0,-270.0,-0.85,策略S点(破均线),31792.88
2025-08-21,688099,BUY,200,87.78,17556.0,0.0,0.0,主升浪启动,14236.88
2025-08-21,603986,BUY,100,137.16,13716.0,0.0,0.0,主升浪启动,520.88
2025-08-22,300413,SELL,1800,25.44,45792.0,-1818.0,-3.82,止损,46312.88
2025-08-22,000617,BUY,3800,11.9,45214.22,0.0,0.0,主升浪启动,1098.66
2025-08-22,002841,SELL,4400,39.16,172304.0,-5896.0,-3.31,止损,173402.66
2025-08-22,300604,BUY,3300,51.15,168795.0,0.0,0.0,主升浪启动,4607.66
2025-08-22,600050,BUY,700,5.77,4041.28,0.0,0.0,主升浪启动,566.38
2025-08-22,002456,SELL,100,12.59,1259.0,-61.0,-4.62,止损,1825.38
2025-08-22,002456,BUY,100,13.2,1320.0,0.0,0.0,主升浪启动,505.38
2025-08-25,600010,BUY,100,2.99,299.0,0.0,0.0,主升浪启动,206.38
2025-08-25,600673,SELL,1100,19.29,21219.0,3784.0,21.7,止盈,21425.38
2025-08-25,600673,BUY,1000,20.23,20230.0,0.0,0.0,主升浪启动,1195.38
2025-08-25,000063,SELL,600,47.58,28548.0,5562.0,24.2,止盈,29743.38
2025-08-25,601899,BUY,1300,22.04,28652.21,0.0,0.0,主升浪启动,1091.17
2025-08-25,000630,BUY,200,4.36,872.89,0.0,0.0,主升浪启动,218.29
2025-08-26,300024,SELL,8900,20.3,180670.0,-178.0,-0.1,策略S点(破均线),180888.29
2025-08-26,601233,BUY,12000,14.95,179400.0,0.0,0.0,主升浪启动,1488.29
2025-08-26,000830,BUY,100,14.19,1419.0,0.0,0.0,主升浪启动,69.29
2025-08-26,601138,SELL,200,45.23,9046.62,358.05,4.12,策略S点(破均线),9115.9
2025-08-26,300339,BUY,100,66.8,6679.64,0.0,0.0,主升浪启动,2436.26
2025-08-26,002600,SELL,100,13.99,1399.16,287.62,25.88,止盈,3835.42
2025-08-26,000683,BUY,500,6.53,3265.0,0.0,0.0,主升浪启动,570.42
2025-08-26,300068,SELL,500,16.88,8440.0,-215.0,-2.48,策略S点(破均线),9010.42
2025-08-26,002475,BUY,100,45.46,4545.74,0.0,0.0,主升浪启动,4464.68
2025-08-26,600118,BUY,100,36.63,3663.0,0.0,0.0,主升浪启动,801.68
2025-08-27,600010,SELL,100,2.78,278.0,-21.0,-7.02,止损,1079.68
2025-08-27,600143,SELL,200,15.76,3152.0,-4.0,-0.13,策略S点(破均线),4231.68
2025-08-27,002065,BUY,300,11.31,3393.0,0.0,0.0,主升浪启动,838.68
2025-08-27,300017,SELL,100,12.19,1219.0,35.0,2.96,策略S点(破均线),2057.68
2025-08-27,300002,SELL,400,13.8,5520.0,-84.0,-1.5,策略S点(破均线),7577.68
2025-08-27,300014,BUY,100,53.08,5307.68,0.0,0.0,主升浪启动,2270.01
2025-08-27,300274,SELL,1400,94.49,132292.09,9750.47,7.96,策略S点(破均线),134562.1
2025-08-27,300502,BUY,400,308.33,123332.0,0.0,0.0,主升浪启动,11230.1
2025-08-27,002120,SELL,100,8.38,838.0,-37.0,-4.23,策略S点(破均线),12068.1
2025-08-28,603659,BUY,500,20.38,10190.0,0.0,0.0,主升浪启动,1878.1
2025-08-28,600176,BUY,100,14.04,1403.93,0.0,0.0,主升浪启动,474.17
2025-08-28,002044,SELL,2600,5.66,14716.0,390.0,2.72,策略S点(破均线),15190.17
2025-08-28,600050,SELL,700,5.54,3876.61,-164.67,-4.07,止损,19066.78
2025-08-28,300724,BUY,100,98.77,9877.0,0.0,0.0,主升浪启动,9189.78
2025-08-28,002195,SELL,200,7.43,1486.0,260.0,21.21,止盈,10675.78
2025-08-28,002195,BUY,1300,8.05,10465.0,0.0,0.0,主升浪启动,210.78
2025-08-28,002241,SELL,100,34.12,3411.56,594.96,21.12,止盈,3622.34
2025-08-29,600489,BUY,200,15.97,3194.0,0.0,0.0,主升浪启动,428.34
2025-08-29,600839,SELL,100,11.42,1142.0,-25.0,-2.14,策略S点(破均线),1570.34
2025-08-29,000066,SELL,100,17.89,1789.0,198.0,12.45,策略S点(破均线),3359.34
2025-08-29,300568,BUY,200,12.68,2536.0,0.0,0.0,主升浪启动,823.34
2025-08-29,600111,SELL,3300,56.15,185295.0,38610.0,26.32,止盈,186118.34
2025-08-29,000009,BUY,18900,9.8,185220.0,0.0,0.0,主升浪启动,898.34
2025-09-01,300442,SELL,2400,57.76,138625.76,3192.28,2.36,策略S点(破均线),139524.1
2025-09-01,301269,BUY,1000,130.0,130000.0,0.0,0.0,主升浪启动,9524.1
2025-09-01,002266,BUY,2400,3.93,9432.0,0.0,0.0,主升浪启动,92.1
2025-09-02,300502,SELL,400,388.0,155200.0,31868.0,25.84,止盈,155292.1
2025-09-02,600066,BUY,5300,28.85,152895.94,0.0,0.0,主升浪启动,2396.16
2025-09-02,002475,SELL,100,43.66,4366.3,-179.44,-3.95,策略S点(破均线),6762.46
2025-09-02,301269,SELL,1000,122.7,122700.0,-7300.0,-5.62,策略S点(破均线),129462.46
2025-09-02,600673,SELL,1000,24.44,24440.0,4210.0,20.81,止盈,153902.46
2025-09-02,000661,BUY,1200,124.71,149652.0,0.0,0.0,主升浪启动,4250.46
2025-09-02,600498,SELL,300,25.68,7704.0,144.0,1.9,策略S点(破均线),11954.46
2025-09-02,300751,SELL,1300,99.97,129956.37,25999.03,25.01,止盈,141910.82
2025-09-02,000617,SELL,3800,11.7,44458.12,-756.09,-1.67,策略S点(破均线),186368.95
2025-09-02,601689,BUY,2700,67.66,182682.0,0.0,0.0,主升浪启动,3686.95
2025-09-02,002558,BUY,100,32.8,3279.99,0.0,0.0,主升浪启动,406.95
2025-09-02,300003,SELL,100,18.59,1859.36,147.68,8.63,策略S点(破均线),2266.32
2025-09-02,300088,SELL,100,6.64,664.0,-16.0,-2.35,策略S点(破均线),2930.32
2025-09-02,603986,SELL,100,179.28,17928.0,4212.0,30.71,止盈,20858.32
2025-09-02,300604,SELL,3300,63.43,209319.0,40524.0,24.01,止盈,230177.32
2025-09-02,601233,SELL,12000,14.34,172080.0,-7320.0,-4.08,策略S点(破均线),402257.32
2025-09-02,002456,SELL,100,12.86,1286.0,-34.0,-2.58,策略S点(破均线),403543.32
2025-09-02,002532,BUY,19300,10.31,198987.87,0.0,0.0,主升浪启动,204555.45
2025-09-02,600522,SELL,200,15.6,3120.0,82.0,2.7,策略S点(破均线),207675.45
2025-09-02,002065,SELL,300,10.5,3150.0,-243.0,-7.16,策略S点(破均线),210825.45
2025-09-02,300339,SELL,100,61.37,6137.4,-542.24,-8.12,策略S点(破均线),216962.85
2025-09-02,002050,BUY,6000,32.93,197566.97,0.0,0.0,主升浪启动,19395.87
2025-09-02,300450,BUY,400,43.8,17520.0,0.0,0.0,主升浪启动,1875.87
2025-09-03,002050,SELL,6000,31.18,187089.94,-10477.04,-5.3,策略S点(破均线),188965.81
2025-09-03,300832,BUY,2900,64.82,187978.0,0.0,0.0,主升浪启动,987.81
2025-09-03,000683,SELL,500,6.32,3160.0,-105.0,-3.22,策略S点(破均线),4147.81
2025-09-03,688099,SELL,200,92.84,18568.0,1012.0,5.76,策略S点(破均线),22715.81
2025-09-03,300438,BUY,700,29.16,20412.0,0.0,0.0,主升浪启动,2303.81
2025-09-03,600118,SELL,100,33.62,3362.0,-301.0,-8.22,策略S点(破均线),5665.81
2025-09-03,002074,BUY,100,42.04,4204.0,0.0,0.0,主升浪启动,1461.81
2025-09-03,002202,BUY,100,11.36,1136.0,0.0,0.0,主升浪启动,325.81
2025-09-04,300014,SELL,100,65.87,6586.5,1278.83,24.09,止盈,6912.32
2025-09-04,300014,BUY,100,66.68,6668.24,0.0,0.0,主升浪启动,244.08
2025-09-04,002202,SELL,100,11.11,1111.0,-25.0,-2.2,策略S点(破均线),1355.08
2025-09-04,002145,SELL,900,4.97,4473.0,63.0,1.43,策略S点(破均线),5828.08
2025-09-04,600325,BUY,1000,5.34,5340.54,0.0,0.0,主升浪启动,487.54
2025-09-04,300568,SELL,200,12.48,2496.0,-40.0,-1.58,策略S点(破均线),2983.54
2025-09-04,601689,SELL,2700,64.9,175230.0,-7452.0,-4.08,止损,178213.54
2025-09-04,600487,SELL,100,19.29,1929.0,63.0,3.38,策略S点(破均线),180142.54
2025-09-04,300285,SELL,1100,21.4,23540.0,1601.07,7.3,策略S点(破均线),203682.54
2025-09-04,000630,SELL,200,4.19,837.26,-35.63,-4.08,策略S点(破均线),204519.8
2025-09-04,002459,BUY,14800,13.5,199800.0,0.0,0.0,主升浪启动,4719.8
2025-09-04,600176,SELL,100,14.3,1429.66,25.72,1.83,策略S点(破均线),6149.45
2025-09-05,300118,BUY,500,11.49,5745.0,0.0,0.0,主升浪启动,404.45
2025-09-05,002195,SELL,1300,7.79,10127.0,-338.0,-3.23,止损,10531.45
2025-09-05,600026,BUY,900,11.08,9972.0,0.0,0.0,主升浪启动,559.45
2025-09-05,002074,SELL,100,40.63,4063.0,-141.0,-3.35,止损,4622.45
2025-09-05,002074,BUY,100,44.03,4403.0,0.0,0.0,主升浪启动,219.45
2025-09-05,000661,SELL,1200,119.09,142908.0,-6744.0,-4.51,止损,143127.45
2025-09-05,000661,BUY,1100,128.0,140800.0,0.0,0.0,主升浪启动,2327.45
2025-09-05,002091,BUY,200,8.35,1670.24,0.0,0.0,主升浪启动,657.21
2025-09-08,600699,SELL,100,23.99,2399.0,444.0,22.71,止盈,3056.21
2025-09-08,600699,BUY,100,25.52,2552.0,0.0,0.0,主升浪启动,504.21
2025-09-08,603659,SELL,500,26.5,13250.0,3060.0,30.03,止盈,13754.21
2025-09-08,600580,BUY,300,40.97,12291.0,0.0,0.0,主升浪启动,1463.21
2025-09-08,300450,SELL,400,55.01,22004.0,4484.0,25.59,止盈,23467.21
2025-09-08,300450,BUY,400,57.39,22956.0,0.0,0.0,主升浪启动,511.21
2025-09-08,300724,SELL,100,99.1,9910.0,33.0,0.33,策略S点(破均线),10421.21
2025-09-08,000035,BUY,2100,4.8,10080.0,0.0,0.0,主升浪启动,341.21
2025-09-08,300014,SELL,100,80.74,8073.65,1405.41,21.08,止盈,8414.86
2025-09-08,601872,BUY,1000,7.87,7874.61,0.0,0.0,主升浪启动,540.24
2025-09-09,300450,SELL,400,55.2,22080.0,-876.0,-3.82,止损,22620.24
2025-09-09,600547,BUY,500,39.37,19684.13,0.0,0.0,主升浪启动,2936.11
2025-09-09,002709,BUY,100,28.88,2887.75,0.0,0.0,主升浪启动,48.36
2025-09-10,300118,SELL,500,11.12,5560.0,-185.0,-3.22,止损,5608.36
2025-09-10,300413,BUY,100,30.03,3003.0,0.0,0.0,主升浪启动,2605.36
2025-09-10,000661,SELL,1100,124.01,136411.0,-4389.0,-3.12,止损,139016.36
2025-09-10,300568,BUY,9400,14.65,137710.0,0.0,0.0,主升浪启动,1306.36
2025-09-10,600547,SELL,500,37.83,18912.69,-771.44,-3.92,止损,20219.06
2025-09-10,002131,BUY,3300,5.96,19668.0,0.0,0.0,主升浪启动,551.06
2025-09-10,000830,SELL,100,14.54,1454.0,35.0,2.47,策略S点(破均线),2005.06
2025-09-10,600580,SELL,300,39.0,11700.0,-591.0,-4.81,止损,13705.06
2025-09-10,002709,SELL,100,27.59,2758.89,-128.85,-4.46,止损,16463.95
2025-09-11,002407,BUY,900,17.67,15903.0,0.0,0.0,主升浪启动,560.95
2025-09-11,002558,SELL,100,43.83,4383.29,1103.3,33.64,止盈,4944.24
2025-09-11,600673,BUY,100,25.17,2517.0,0.0,0.0,主升浪启动,2427.24
2025-09-11,600176,BUY,100,15.91,1590.93,0.0,0.0,主升浪启动,836.32
2025-09-12,600673,SELL,100,23.68,2368.0,-149.0,-5.92,策略S点(破均线),3204.32
2025-09-12,000807,BUY,100,20.52,2052.3,0.0,0.0,主升浪启动,1152.02
2025-09-12,600170,BUY,400,2.65,1060.0,0.0,0.0,主升浪启动,92.02
2025-09-12,002266,SELL,2400,3.95,9480.0,48.0,0.51,策略S点(破均线),9572.02
2025-09-12,002436,BUY,400,22.47,8988.0,0.0,0.0,主升浪启动,584.02
2025-09-15,600066,SELL,5300,28.57,151421.0,-1474.94,-0.96,策略S点(破均线),152005.02
2025-09-15,002517,BUY,6000,25.25,151500.0,0.0,0.0,主升浪启动,505.02
2025-09-15,600176,SELL,100,15.29,1528.6,-62.33,-3.92,止损,2033.62
2025-09-15,002624,BUY,100,18.68,1868.0,0.0,0.0,主升浪启动,165.62
2025-09-15,002407,SELL,900,17.1,15390.0,-513.0,-3.23,止损,15555.62
2025-09-15,002176,BUY,1500,10.24,15360.0,0.0,0.0,主升浪启动,195.62
2025-09-15,300568,SELL,9400,14.19,133386.0,-4324.0,-3.14,止损,133581.62
2025-09-15,601689,BUY,1800,71.68,129024.0,0.0,0.0,主升浪启动,4557.62
2025-09-15,002459,SELL,14800,13.26,196248.0,-3552.0,-1.78,策略S点(破均线),200805.62
2025-09-15,000988,BUY,2400,81.26,195024.0,0.0,0.0,主升浪启动,5781.62
2025-09-15,002601,BUY,200,19.51,3901.86,0.0,0.0,主升浪启动,1879.76
2025-09-16,600704,BUY,300,5.95,1784.75,0.0,0.0,主升浪启动,95.01
2025-09-16,600170,SELL,400,3.21,1284.0,224.0,21.13,止盈,1379.01
2025-09-16,600489,SELL,200,19.68,3936.0,742.0,23.23,止盈,5315.01
2025-09-17,000009,SELL,18900,10.68,201852.0,16632.0,8.98,策略S点(破均线),207167.01
2025-09-17,600170,BUY,56600,3.53,199798.0,0.0,0.0,主升浪启动,7369.01
2025-09-17,600362,BUY,200,30.73,6145.35,0.0,0.0,主升浪启动,1223.66
2025-09-17,600699,SELL,100,33.53,3353.0,801.0,31.39,止盈,4576.66
2025-09-17,300083,BUY,400,11.18,4472.0,0.0,0.0,主升浪启动,104.66
2025-09-17,002074,SELL,100,45.22,4522.0,119.0,2.7,策略S点(破均线),4626.66
2025-09-17,601899,SELL,1300,24.88,32341.78,3689.57,12.88,策略S点(破均线),36968.44
2025-09-17,601136,BUY,1500,23.75,35631.66,0.0,0.0,主升浪启动,1336.78
2025-09-18,600325,SELL,1000,5.52,5520.0,179.46,3.36,策略S点(破均线),6856.78
2025-09-18,300438,SELL,700,31.71,22197.0,1785.0,8.74,策略S点(破均线),29053.78
2025-09-18,600580,BUY,500,56.67,28335.0,0.0,0.0,主升浪启动,718.78
2025-09-18,600157,BUY,400,1.71,684.0,0.0,0.0,主升浪启动,34.78
2025-09-18,000035,SELL,2100,4.83,10143.0,63.0,0.63,策略S点(破均线),10177.78
2025-09-18,601138,BUY,100,64.01,6401.06,0.0,0.0,主升浪启动,3776.72
2025-09-18,002544,BUY,100,28.03,2803.0,0.0,0.0,主升浪启动,973.72
2025-09-18,600362,SELL,200,29.73,5945.51,-199.83,-3.25,止损,6919.24
2025-09-18,600498,BUY,200,28.88,5776.0,0.0,0.0,主升浪启动,1143.24
2025-09-18,002532,SELL,19300,10.62,205040.73,6052.86,3.04,策略S点(破均线),206183.97
2025-09-18,002091,SELL,200,8.57,1713.53,43.28,2.59,策略S点(破均线),207897.49
2025-09-18,002156,BUY,5700,34.84,198588.0,0.0,0.0,主升浪启动,9309.49
2025-09-18,002245,BUY,400,20.43,8172.0,0.0,0.0,主升浪启动,1137.49
2025-09-19,000425,BUY,100,10.52,1052.0,0.0,0.0,主升浪启动,85.49
2025-09-19,300832,SELL,2900,68.06,197374.0,9396.0,5.0,策略S点(破均线),197459.49
2025-09-19,002353,BUY,3800,51.85,197017.87,0.0,0.0,主升浪启动,441.62
2025-09-19,000807,SELL,100,19.65,1964.52,-87.77,-4.28,止损,2406.15
2025-09-19,002244,BUY,200,11.5,2300.0,0.0,0.0,主升浪启动,106.15
2025-09-19,002176,SELL,1500,9.92,14880.0,-480.0,-3.12,策略S点(破均线),14986.15
2025-09-19,601136,SELL,1500,22.31,33468.09,-2163.56,-6.07,止损,48454.24
2025-09-19,002456,BUY,3300,14.36,47388.0,0.0,0.0,主升浪启动,1066.24
2025-09-19,300144,BUY,100,9.69,969.0,0.0,0.0,主升浪启动,97.24
2025-09-19,300083,SELL,400,10.71,4284.0,-188.0,-4.2,止损,4381.24
2025-09-22,600704,SELL,300,5.79,1737.55,-47.2,-2.64,策略S点(破均线),6118.79
2025-09-22,002245,SELL,400,19.48,7792.0,-380.0,-4.65,止损,13910.79
2025-09-22,603296,BUY,100,101.98,10198.0,0.0,0.0,主升浪启动,3712.79
2025-09-22,600157,SELL,400,1.65,660.0,-24.0,-3.51,止损,4372.79
2025-09-22,600580,SELL,500,50.05,25025.0,-3310.0,-11.68,止损,29397.79
2025-09-22,000069,BUY,10800,2.7,29160.0,0.0,0.0,主升浪启动,237.79
2025-09-22,600170,SELL,56600,3.15,178290.0,-21508.0,-10.76,止损,178527.79
2025-09-22,300054,BUY,5000,35.1,175500.0,0.0,0.0,主升浪启动,3027.79
2025-09-22,600026,SELL,900,12.23,11007.0,1035.0,10.38,策略S点(破均线),14034.79
2025-09-23,300438,BUY,400,34.5,13800.0,0.0,0.0,主升浪启动,234.79
2025-09-23,002601,SELL,200,18.41,3681.11,-220.75,-5.66,策略S点(破均线),3915.9
2025-09-23,300144,SELL,100,9.24,924.0,-45.0,-4.64,止损,4839.9
2025-09-23,002065,BUY,300,12.17,3651.0,0.0,0.0,主升浪启动,1188.9
2025-09-23,600157,BUY,600,1.72,1032.0,0.0,0.0,主升浪启动,156.9
2025-09-24,002456,SELL,3300,13.75,45375.0,-2013.0,-4.25,止损,45531.9
2025-09-24,002409,BUY,600,70.86,42515.98,0.0,0.0,主升浪启动,3015.92
2025-09-24,002245,BUY,100,21.45,2145.0,0.0,0.0,主升浪启动,870.92
2025-09-24,603296,SELL,100,97.51,9751.0,-447.0,-4.38,止损,10621.92
2025-09-24,600667,BUY,1300,7.8,10140.0,0.0,0.0,主升浪启动,481.92
2025-09-24,002131,SELL,3300,5.85,19305.0,-363.0,-1.85,策略S点(破均线),19786.92
2025-09-24,300274,BUY,100,153.2,15320.19,0.0,0.0,主升浪启动,4466.73
2025-09-24,603650,BUY,100,41.55,4155.0,0.0,0.0,主升浪启动,311.73
2025-09-24,000069,SELL,10800,2.54,27432.0,-1728.0,-5.93,止损,27743.73
2025-09-25,600157,SELL,600,1.65,990.0,-42.0,-4.07,止损,28733.73
2025-09-25,601899,BUY,1000,27.06,27061.47,0.0,0.0,主升浪启动,1672.26
2025-09-25,000009,BUY,100,12.08,1208.0,0.0,0.0,主升浪启动,464.26
2025-09-25,002065,SELL,300,11.39,3417.0,-234.0,-6.41,止损,3881.26
2025-09-25,002202,BUY,200,14.07,2814.0,0.0,0.0,主升浪启动,1067.26
2025-09-25,002436,SELL,400,22.58,9032.0,44.0,0.49,策略S点(破均线),10099.26
2025-09-25,601872,SELL,1000,8.58,8578.77,704.15,8.94,策略S点(破均线),18678.03
2025-09-25,601727,BUY,1900,9.76,18544.0,0.0,0.0,主升浪启动,134.03
2025-09-26,000425,SELL,100,10.18,1018.0,-34.0,-3.23,止损,1152.03
2025-09-26,001979,BUY,100,9.95,995.0,0.0,0.0,主升浪启动,157.03
2025-09-26,002245,SELL,100,20.8,2080.0,-65.0,-3.03,止损,2237.03
2025-09-26,000988,SELL,2400,98.0,235200.0,40176.0,20.6,止盈,237437.03
2025-09-26,603606,BUY,3000,66.02,198060.0,0.0,0.0,主升浪启动,39377.03
2025-09-26,601615,BUY,2500,15.53,38825.0,0.0,0.0,主升浪启动,552.03
2025-09-26,601689,SELL,1800,74.68,134424.0,5400.0,4.19,策略S点(破均线),134976.03
2025-09-26,002544,SELL,100,27.45,2745.0,-58.0,-2.07,策略S点(破均线),137721.03
2025-09-26,688249,BUY,4000,32.9,131600.0,0.0,0.0,主升浪启动,6121.03
2025-09-26,300457,BUY,100,36.18,3618.0,0.0,0.0,主升浪启动,2503.03
2025-09-26,601138,SELL,100,64.52,6451.78,50.72,0.79,策略S点(破均线),8954.81
2025-09-29,601727,SELL,1900,9.4,17860.0,-684.0,-3.69,止损,26814.81
2025-09-29,300604,BUY,200,104.12,20824.0,0.0,0.0,主升浪启动,5990.81
2025-09-29,000035,BUY,1100,5.38,5918.0,0.0,0.0,主升浪启动,72.81
2025-09-29,600498,SELL,200,28.0,5600.0,-176.0,-3.05,止损,5672.81
2025-09-29,301358,BUY,100,53.94,5394.0,0.0,0.0,主升浪启动,278.81
2025-09-30,300457,SELL,100,34.99,3499.0,-119.0,-3.29,止损,3777.81
2025-09-30,601877,BUY,100,30.71,3071.0,0.0,0.0,主升浪启动,706.81
2025-09-30,002145,BUY,100,5.79,579.0,0.0,0.0,主升浪启动,127.81
2025-09-30,002624,SELL,100,19.16,1916.0,48.0,2.57,策略S点(破均线),2043.81
2025-09-30,002340,BUY,200,8.42,1684.0,0.0,0.0,主升浪启动,359.81
2025-10-09,603077,BUY,100,2.29,229.0,0.0,0.0,主升浪启动,130.81
2025-10-09,002156,SELL,5700,44.19,251883.0,53295.0,26.84,止盈,252013.81
2025-10-09,688072,BUY,600,277.68,166608.0,0.0,0.0,主升浪启动,85405.81
2025-10-09,000426,BUY,2300,36.18,83214.0,0.0,0.0,主升浪启动,2191.81
2025-10-09,601618,BUY,500,4.14,2070.0,0.0,0.0,主升浪启动,121.81
2025-10-09,300413,SELL,100,33.37,3337.0,334.0,11.12,策略S点(破均线),3458.81
2025-10-09,600157,BUY,2000,1.7,3400.0,0.0,0.0,主升浪启动,58.81
2025-10-09,002517,SELL,6000,27.0,162000.0,10500.0,6.93,策略S点(破均线),162058.81
2025-10-09,002532,BUY,13600,11.9,161812.16,0.0,0.0,主升浪启动,246.66
2025-10-10,300604,SELL,200,94.51,18902.0,-1922.0,-9.23,止损,19148.66
2025-10-10,601688,BUY,800,23.04,18433.51,0.0,0.0,主升浪启动,715.14
2025-10-10,300438,SELL,400,36.41,14564.0,764.0,5.54,策略S点(破均线),15279.14
2025-10-10,000400,BUY,500,27.9,13950.17,0.0,0.0,主升浪启动,1328.97
2025-10-10,002271,BUY,100,12.86,1286.0,0.0,0.0,主升浪启动,42.97
2025-10-10,300274,SELL,100,145.57,14557.16,-763.03,-4.98,策略S点(破均线),14600.13
2025-10-10,000776,BUY,600,23.94,14366.93,0.0,0.0,主升浪启动,233.2
2025-10-10,688072,SELL,600,267.0,160200.0,-6408.0,-3.85,止损,160433.2
2025-10-10,603568,BUY,7500,21.22,159150.0,0.0,0.0,主升浪启动,1283.2
2025-10-10,601618,SELL,500,4.01,2005.0,-65.0,-3.14,止损,3288.2
2025-10-13,002340,SELL,200,8.11,1622.0,-62.0,-3.68,止损,4910.2
2025-10-13,002340,BUY,500,9.09,4545.0,0.0,0.0,主升浪启动,365.2
2025-10-13,601877,SELL,100,29.38,2938.0,-133.0,-4.33,止损,3303.2
2025-10-13,600392,BUY,100,26.01,2600.77,0.0,0.0,主升浪启动,702.44
2025-10-13,000400,SELL,500,26.76,13380.27,-569.9,-4.09,止损,14082.7
2025-10-13,000009,SELL,100,11.66,1166.0,-42.0,-3.48,止损,15248.7
2025-10-13,300661,BUY,100,85.48,8548.0,0.0,0.0,主升浪启动,6700.7
2025-10-13,600111,BUY,100,57.73,5773.0,0.0,0.0,主升浪启动,927.7
2025-10-13,002244,SELL,200,11.73,2346.0,46.0,2.0,策略S点(破均线),3273.7
2025-10-13,000066,BUY,100,17.6,1760.0,0.0,0.0,主升浪启动,1513.7
2025-10-13,603077,SELL,100,2.16,216.0,-13.0,-5.68,止损,1729.7
2025-10-13,600497,BUY,200,7.09,1417.62,0.0,0.0,主升浪启动,312.08
2025-10-13,002353,SELL,3800,53.09,201742.0,4724.13,2.4,策略S点(破均线),202054.08
2025-10-13,688111,BUY,600,321.7,193020.0,0.0,0.0,主升浪启动,9034.08
2025-10-13,002532,SELL,13600,11.04,150082.77,-11729.38,-7.25,止损,159116.86
2025-10-13,600547,BUY,3600,43.4,156238.77,0.0,0.0,主升浪启动,2878.09
2025-10-13,000776,SELL,600,23.22,13930.84,-436.09,-3.04,止损,16808.93
2025-10-13,688126,BUY,400,28.76,11504.0,0.0,0.0,主升浪启动,5304.93
2025-10-13,300346,BUY,100,45.73,4573.0,0.0,0.0,主升浪启动,731.93
2025-10-14,688111,SELL,600,310.15,186090.0,-6930.0,-3.59,策略S点(破均线),186821.93
2025-10-14,300346,SELL,100,41.72,4172.0,-401.0,-8.77,策略S点(破均线),190993.93
2025-10-14,300054,SELL,5000,34.8,174000.0,-1500.0,-0.85,策略S点(破均线),364993.93
2025-10-14,601012,BUY,10300,19.28,198584.0,0.0,0.0,主升浪启动,166409.93
2025-10-14,000617,BUY,14100,11.75,165664.42,0.0,0.0,主升浪启动,745.51
2025-10-14,300661,SELL,100,82.48,8248.0,-300.0,-3.51,策略S点(破均线),8993.51
2025-10-14,002409,SELL,600,86.11,51666.0,9150.02,21.52,止盈,60659.51
2025-10-14,601688,SELL,800,22.34,17869.38,-564.13,-3.06,止损,78528.9
2025-10-14,002202,SELL,200,17.18,3436.0,622.0,22.1,止盈,81964.9
2025-10-14,000066,SELL,100,16.88,1688.0,-72.0,-4.09,策略S点(破均线),83652.9
2025-10-15,000776,BUY,3400,24.42,83037.45,0.0,0.0,主升浪启动,615.45
2025-10-15,600547,SELL,3600,41.79,150433.57,-5805.2,-3.72,止损,151049.01
2025-10-15,688126,SELL,400,27.7,11080.0,-424.0,-3.69,止损,162129.01
2025-10-15,300136,BUY,5300,30.5,161650.0,0.0,0.0,主升浪启动,479.01
2025-10-15,002340,SELL,500,8.6,4300.0,-245.0,-5.39,止损,4779.01
2025-10-15,688599,BUY,200,19.41,3882.0,0.0,0.0,主升浪启动,897.01
2025-10-15,000617,SELL,14100,11.38,160474.25,-5190.16,-3.13,止损,161371.26
2025-10-15,000933,BUY,7100,22.44,159324.0,0.0,0.0,主升浪启动,2047.26
2025-10-16,600392,SELL,100,25.17,2516.97,-83.8,-3.22,止损,4564.23
2025-10-16,600111,SELL,100,53.37,5337.0,-436.0,-7.55,止损,9901.23
2025-10-16,600188,BUY,600,14.8,8880.0,0.0,0.0,主升浪启动,1021.23
2025-10-16,600157,SELL,2000,1.66,3320.0,-80.0,-2.35,策略S点(破均线),4341.23
2025-10-16,603606,SELL,3000,66.15,198450.0,390.0,0.2,策略S点(破均线),202791.23
2025-10-16,600497,SELL,200,6.87,1373.82,-43.8,-3.09,止损,204165.06
2025-10-16,601898,BUY,15200,13.12,199422.1,0.0,0.0,主升浪启动,4742.96
2025-10-16,603650,SELL,100,42.27,4227.0,72.0,1.73,策略S点(破均线),8969.96
2025-10-16,601615,SELL,2500,16.17,40425.0,1600.0,4.12,策略S点(破均线),49394.96
2025-10-17,600515,BUY,10900,4.5,49050.0,0.0,0.0,主升浪启动,344.96
2025-10-17,002145,SELL,100,5.6,560.0,-19.0,-3.28,策略S点(破均线),904.96
2025-10-17,301358,SELL,100,53.51,5351.0,-43.0,-0.8,策略S点(破均线),6255.96
2025-10-17,688249,SELL,4000,35.5,142000.0,10400.0,7.9,策略S点(破均线),148255.96
2025-10-17,000426,SELL,2300,34.96,80408.0,-2806.0,-3.37,止损,228663.96
2025-10-17,300136,SELL,5300,29.19,154707.0,-6943.0,-4.3,止损,383370.96
2025-10-17,600667,SELL,1300,7.86,10218.0,78.0,0.77,策略S点(破均线),393588.96
2025-10-20,000776,SELL,3400,23.45,79720.01,-3317.44,-4.0,止损,473308.97
2025-10-20,601899,SELL,1000,29.75,29750.0,2688.53,9.93,策略S点(破均线),503058.97
2025-10-20,002028,BUY,1700,114.47,194599.0,0.0,0.0,主升浪启动,308459.97
2025-10-20,002407,BUY,9300,21.48,199764.0,0.0,0.0,主升浪启动,108695.97
2025-10-20,688599,SELL,200,18.3,3660.0,-222.0,-5.72,止损,112355.97
2025-10-20,600029,BUY,17000,6.6,112200.0,0.0,0.0,主升浪启动,155.97
2025-10-20,001979,SELL,100,9.95,995.0,0.0,0.0,策略S点(破均线),1150.97
2025-10-20,000035,SELL,1100,5.76,6336.0,418.0,7.06,策略S点(破均线),7486.97
2025-10-20,000983,BUY,900,7.51,6757.97,0.0,0.0,主升浪启动,729.01
2025-10-21,601012,SELL,10300,19.01,195803.0,-2781.0,-1.4,策略S点(破均线),196532.01
2025-10-21,600089,BUY,9800,19.87,194726.0,0.0,0.0,主升浪启动,1806.01
2025-10-21,600236,BUY,200,7.36,1472.0,0.0,0.0,主升浪启动,334.01
2025-10-22,002271,SELL,100,12.88,1288.0,2.0,0.16,策略S点(破均线),1622.01
2025-10-22,002407,SELL,9300,20.82,193626.0,-6138.0,-3.07,止损,195248.01
2025-10-22,000983,SELL,900,7.21,6489.44,-268.53,-3.97,策略S点(破均线),201737.45
2025-10-22,600089,SELL,9800,18.99,186102.0,-8624.0,-4.43,策略S点(破均线),387839.45
2025-10-23,000792,BUY,8700,22.88,199056.0,0.0,0.0,主升浪启动,188783.45
2025-10-23,002532,BUY,14800,12.68,187693.63,0.0,0.0,主升浪启动,1089.81
2025-10-23,601600,BUY,100,9.04,904.0,0.0,0.0,主升浪启动,185.81
2025-10-27,600515,SELL,10900,4.4,47960.0,-1090.0,-2.22,策略S点(破均线),48145.81
2025-10-27,300573,BUY,600,77.83,46698.0,0.0,0.0,主升浪启动,1447.81
2025-10-27,003816,BUY,300,4.13,1239.0,0.0,0.0,主升浪启动,208.81
2025-10-28,600188,SELL,600,14.69,8814.0,-66.0,-0.74,策略S点(破均线),9022.81
2025-10-29,600118,BUY,200,42.5,8500.0,0.0,0.0,主升浪启动,522.81
2025-10-29,600515,BUY,100,4.8,480.0,0.0,0.0,主升浪启动,42.81
2025-10-30,603568,SELL,7500,21.68,162600.0,3450.0,2.17,策略S点(破均线),162642.81
2025-10-30,002756,BUY,3500,45.82,160370.0,0.0,0.0,主升浪启动,2272.81
2025-10-31,002497,BUY,100,20.31,2031.0,0.0,0.0,主升浪启动,241.81
2025-10-31,003816,SELL,300,3.94,1182.0,-57.0,-4.6,策略S点(破均线),1423.81
2025-10-31,600166,BUY,400,3.0,1200.0,0.0,0.0,主升浪启动,223.81
2025-11-04,300573,SELL,600,76.8,46080.0,-618.0,-1.32,策略S点(破均线),46303.81
2025-11-04,600236,SELL,200,7.36,1472.0,0.0,0.0,策略S点(破均线),47775.81
2025-11-04,601229,BUY,4700,9.99,46953.0,0.0,0.0,主升浪启动,822.81
2025-11-04,000792,SELL,8700,23.87,207669.0,8613.0,4.33,策略S点(破均线),208491.81
2025-11-05,000792,BUY,8100,24.69,199989.0,0.0,0.0,主升浪启动,8502.81
2025-11-05,300001,BUY,200,30.38,6076.0,0.0,0.0,主升浪启动,2426.81
2025-11-05,000338,BUY,100,16.39,1639.0,0.0,0.0,主升浪启动,787.81
2025-11-05,600166,SELL,400,2.87,1148.0,-52.0,-4.33,止损,1935.81
2025-11-05,601179,BUY,200,8.89,1778.0,0.0,0.0,主升浪启动,157.81
2025-11-05,002028,SELL,1700,138.0,234600.0,40001.0,20.56,止盈,234757.81
2025-11-05,688599,BUY,8400,23.33,195972.0,0.0,0.0,主升浪启动,38785.81
2025-11-05,000400,BUY,1300,28.22,36686.0,0.0,0.0,主升浪启动,2099.81
2025-11-05,002532,SELL,14800,13.1,193839.09,6145.46,3.27,策略S点(破均线),195938.9
2025-11-05,300207,BUY,5400,36.17,195318.0,0.0,0.0,主升浪启动,620.9
2025-11-05,002497,SELL,100,18.78,1878.0,-153.0,-7.53,止损,2498.9
2025-11-06,600019,BUY,300,7.74,2322.0,0.0,0.0,主升浪启动,176.9
2025-11-07,688599,SELL,8400,22.35,187740.0,-8232.0,-4.2,止损,187916.9
2025-11-07,600346,BUY,9600,19.39,186144.0,0.0,0.0,主升浪启动,1772.9
2025-11-07,002091,BUY,100,10.05,1005.29,0.0,0.0,主升浪启动,767.61
2025-11-07,000683,BUY,100,7.08,708.0,0.0,0.0,主升浪启动,59.61
2025-11-07,000933,SELL,7100,26.94,191274.0,31950.0,20.05,止盈,191333.61
2025-11-10,002459,BUY,12500,15.29,191125.0,0.0,0.0,主升浪启动,208.61
2025-11-10,300207,SELL,5400,33.97,183438.0,-11880.0,-6.08,策略S点(破均线),183646.61
2025-11-10,002064,BUY,18700,9.78,182886.0,0.0,0.0,主升浪启动,760.61
2025-11-11,600118,SELL,200,43.4,8680.0,180.0,2.12,策略S点(破均线),9440.61
2025-11-11,688472,BUY,200,24.0,4800.0,0.0,0.0,主升浪启动,4640.61
2025-11-11,600516,BUY,600,6.72,4032.0,0.0,0.0,主升浪启动,608.61
2025-11-11,000069,BUY,200,2.93,586.0,0.0,0.0,主升浪启动,22.61
2025-11-11,300001,SELL,200,29.3,5860.0,-216.0,-3.55,策略S点(破均线),5882.61
2025-11-11,002436,BUY,200,23.08,4616.0,0.0,0.0,主升浪启动,1266.61
2025-11-11,601600,SELL,100,11.1,1110.0,206.0,22.79,止盈,2376.61
2025-11-12,000792,SELL,8100,24.91,201771.0,1782.0,0.89,策略S点(破均线),204147.61
2025-11-12,002436,SELL,200,22.09,4418.0,-198.0,-4.29,止损,208565.61
2025-11-12,688472,SELL,200,22.5,4500.0,-300.0,-6.25,止损,213065.61
2025-11-12,002459,SELL,12500,14.03,175375.0,-15750.0,-8.24,策略S点(破均线),388440.61
2025-11-12,601288,BUY,23600,8.46,199572.86,0.0,0.0,主升浪启动,188867.75
2025-11-12,601898,SELL,15200,14.5,220400.0,20977.9,10.52,策略S点(破均线),409267.75
2025-11-12,600219,BUY,39600,5.05,199959.07,0.0,0.0,主升浪启动,209308.68
2025-11-12,600118,BUY,4400,44.99,197956.0,0.0,0.0,主升浪启动,11352.68
2025-11-12,600515,SELL,100,5.27,527.0,47.0,9.79,策略S点(破均线),11879.68
2025-11-12,000807,BUY,400,26.0,10400.0,0.0,0.0,主升浪启动,1479.68
2025-11-12,601600,BUY,100,11.71,1171.0,0.0,0.0,主升浪启动,308.68
2025-11-13,603077,BUY,100,2.41,241.0,0.0,0.0,主升浪启动,67.68
2025-11-13,000069,SELL,200,2.78,556.0,-30.0,-5.12,止损,623.68
2025-11-13,600516,SELL,600,6.35,3810.0,-222.0,-5.51,止损,4433.68
2025-11-13,600516,BUY,600,6.64,3984.0,0.0,0.0,主升浪启动,449.68
2025-11-14,600516,SELL,600,6.43,3858.0,-126.0,-3.16,策略S点(破均线),4307.68
2025-11-14,000400,SELL,1300,27.31,35503.0,-1183.0,-3.22,策略S点(破均线),39810.68
2025-11-14,000547,BUY,4200,9.41,39522.0,0.0,0.0,主升浪启动,288.68
2025-11-14,600157,BUY,100,1.79,179.0,0.0,0.0,主升浪启动,109.68
2025-11-14,600118,SELL,4400,43.2,190080.0,-7876.0,-3.98,策略S点(破均线),190189.68
2025-11-14,000039,BUY,21200,8.94,189528.0,0.0,0.0,主升浪启动,661.68
2025-11-14,000338,SELL,100,17.03,1703.0,64.0,3.9,策略S点(破均线),2364.68
2025-11-14,601179,SELL,200,9.32,1864.0,86.0,4.84,策略S点(破均线),4228.68
2025-11-14,002129,BUY,300,10.91,3273.0,0.0,0.0,主升浪启动,955.68
2025-11-17,600029,SELL,17000,7.27,123590.0,11390.0,10.15,超时强平(20天),124545.68
2025-11-17,300058,BUY,14300,8.69,124267.0,0.0,0.0,主升浪启动,278.68
2025-11-17,600219,SELL,39600,4.86,192455.91,-7503.15,-3.75,止损,192734.59
2025-11-17,688005,BUY,5400,35.4,191160.0,0.0,0.0,主升浪启动,1574.59
2025-11-17,601229,SELL,4700,10.09,47423.0,470.0,1.0,策略S点(破均线),48997.59
2025-11-17,002176,BUY,3900,12.35,48165.0,0.0,0.0,主升浪启动,832.59
2025-11-17,000807,SELL,400,24.98,9992.0,-408.0,-3.92,策略S点(破均线),10824.59
2025-11-18,002756,SELL,3500,57.64,201740.0,41370.0,25.8,止盈,212564.59
2025-11-18,002091,SELL,100,9.81,981.0,-24.29,-2.42,策略S点(破均线),213545.59
2025-11-18,601360,BUY,14200,14.02,199084.0,0.0,0.0,主升浪启动,14461.59
2025-11-18,000683,SELL,100,7.11,711.0,3.0,0.42,策略S点(破均线),15172.59
2025-11-18,600019,SELL,300,7.52,2256.0,-66.0,-2.84,策略S点(破均线),17428.59
2025-11-18,002044,BUY,3000,5.71,17130.0,0.0,0.0,主升浪启动,298.59
2025-11-18,601600,SELL,100,10.91,1091.0,-80.0,-6.83,止损,1389.59
2025-11-18,601288,SELL,23600,8.15,192370.58,-7202.28,-3.61,止损,193760.17
2025-11-19,688005,SELL,5400,33.9,183060.0,-8100.0,-4.24,止损,376820.17
2025-11-19,688005,BUY,5600,35.63,199528.0,0.0,0.0,主升浪启动,177292.17
2025-11-19,000039,SELL,21200,8.59,182108.0,-7420.0,-3.91,止损,359400.17
2025-11-19,603260,BUY,3000,65.5,196500.0,0.0,0.0,主升浪启动,162900.17
2025-11-19,002064,SELL,18700,9.67,180829.0,-2057.0,-1.12,策略S点(破均线),343729.17
2025-11-19,002129,SELL,300,10.33,3099.0,-174.0,-5.32,止损,346828.17
2025-11-19,000792,BUY,7200,27.75,199800.0,0.0,0.0,主升浪启动,147028.17
2025-11-19,600499,BUY,10500,13.98,146790.0,0.0,0.0,主升浪启动,238.17
2025-11-19,000547,SELL,4200,12.25,51450.0,11928.0,30.18,止盈,51688.17
2025-11-19,000683,BUY,6800,7.53,51204.0,0.0,0.0,主升浪启动,484.17
2025-11-19,600157,SELL,100,1.71,171.0,-8.0,-4.47,止损,655.17
2025-11-19,603077,SELL,100,2.33,233.0,-8.0,-3.32,止损,888.17
2025-11-19,600028,BUY,100,6.05,605.0,0.0,0.0,主升浪启动,283.17
2025-11-20,601360,SELL,14200,13.01,184742.0,-14342.0,-7.2,策略S点(破均线),185025.17
2025-11-20,000683,SELL,6800,7.25,49300.0,-1904.0,-3.72,策略S点(破均线),234325.17
2025-11-20,002044,SELL,3000,5.52,16560.0,-570.0,-3.33,止损,250885.17
2025-11-20,600346,SELL,9600,19.07,183072.0,-3072.0,-1.65,策略S点(破均线),433957.17
2025-11-21,000792,SELL,7200,26.8,192960.0,-6840.0,-3.42,止损,626917.17
2025-11-21,600499,SELL,10500,13.18,138390.0,-8400.0,-5.72,止损,765307.17
2025-11-21,688005,SELL,5600,33.5,187600.0,-11928.0,-5.98,止损,952907.17
2025-11-21,002176,SELL,3900,11.5,44850.0,-3315.0,-6.88,止损,997757.17
2025-11-21,603260,SELL,3000,61.0,183000.0,-13500.0,-6.87,止损,1180757.17
2025-11-24,601360,BUY,14400,13.87,199728.0,0.0,0.0,主升浪启动,981029.17
2025-11-24,000547,BUY,14600,13.64,199144.0,0.0,0.0,主升浪启动,781885.17
2025-11-24,002572,BUY,14100,14.17,199797.0,0.0,0.0,主升浪启动,582088.17
2025-11-25,600028,SELL,100,5.85,585.0,-20.0,-3.31,止损,582673.17
2025-11-25,300058,SELL,14300,10.82,154726.0,30459.0,24.51,止盈,737399.17
2025-11-26,000039,BUY,21300,9.35,199155.0,0.0,0.0,主升浪启动,538244.17
2025-11-27,601360,SELL,14400,13.39,192816.0,-6912.0,-3.46,策略S点(破均线),731060.17
2025-11-27,000547,SELL,14600,11.8,172280.0,-26864.0,-13.49,止损,903340.17
2025-11-28,601238,BUY,21600,9.25,199800.0,0.0,0.0,主升浪启动,703540.17
2025-11-28,000039,SELL,21300,8.99,191487.0,-7668.0,-3.85,止损,895027.17
2025-11-28,000426,BUY,5700,34.52,196764.0,0.0,0.0,主升浪启动,698263.17
2025-12-01,002544,BUY,6800,29.35,199580.0,0.0,0.0,主升浪启动,498683.17
2025-12-01,600803,BUY,9100,21.97,199927.0,0.0,0.0,主升浪启动,298756.17
2025-12-01,002371,BUY,400,446.46,178584.0,0.0,0.0,主升浪启动,120172.17
2025-12-02,601238,SELL,21600,8.97,193752.0,-6048.0,-3.03,止损,313924.17
2025-12-02,603650,BUY,4400,45.35,199540.0,0.0,0.0,主升浪启动,114384.17
2025-12-03,000547,BUY,6600,17.2,113520.0,0.0,0.0,主升浪启动,864.17
2025-12-03,002371,SELL,400,432.09,172836.0,-5748.0,-3.22,止损,173700.17
2025-12-04,002371,BUY,300,449.79,134937.0,0.0,0.0,主升浪启动,38763.17
2025-12-04,002544,SELL,6800,27.51,187068.0,-12512.0,-6.27,止损,225831.17
2025-12-04,002544,BUY,6600,29.89,197274.0,0.0,0.0,主升浪启动,28557.17
2025-12-04,000408,BUY,400,66.91,26764.0,0.0,0.0,主升浪启动,1793.17
2025-12-04,600879,BUY,100,12.26,1226.0,0.0,0.0,主升浪启动,567.17
2025-12-05,603650,SELL,4400,43.01,189244.0,-10296.0,-5.16,止损,189811.17
2025-12-05,002595,BUY,2500,74.5,186250.0,0.0,0.0,主升浪启动,3561.17
2025-12-05,000630,BUY,600,5.84,3504.0,0.0,0.0,主升浪启动,57.17
2025-12-05,002572,SELL,14100,14.03,197823.0,-1974.0,-0.99,策略S点(破均线),197880.17
2025-12-05,000807,BUY,6900,28.31,195339.0,0.0,0.0,主升浪启动,2541.17
2025-12-08,002292,BUY,200,9.74,1948.0,0.0,0.0,主升浪启动,593.17
2025-12-08,000547,SELL,6600,21.91,144606.0,31086.0,27.38,止盈,145199.17
2025-12-08,000547,BUY,6500,22.0,143000.0,0.0,0.0,主升浪启动,2199.17
2025-12-09,000426,SELL,5700,33.9,193230.0,-3534.0,-1.8,策略S点(破均线),195429.17
2025-12-09,600803,SELL,9100,21.46,195286.0,-4641.0,-2.32,策略S点(破均线),390715.17
2025-12-09,300308,BUY,300,606.0,181800.0,0.0,0.0,主升浪启动,208915.17
2025-12-10,300751,BUY,1200,160.52,192624.0,0.0,0.0,主升浪启动,16291.17
2025-12-10,000630,SELL,600,5.54,3324.0,-180.0,-5.14,止损,19615.17
2025-12-10,601058,BUY,1000,17.94,17940.0,0.0,0.0,主升浪启动,1675.17
2025-12-10,000807,SELL,6900,27.15,187335.0,-8004.0,-4.1,止损,189010.17
2025-12-11,000547,SELL,6500,21.0,136500.0,-6500.0,-4.55,止损,325510.17
2025-12-11,002202,BUY,11700,16.98,198666.0,0.0,0.0,主升浪启动,126844.17
2025-12-12,002353,BUY,1600,75.87,121392.0,0.0,0.0,主升浪启动,5452.17
2025-12-12,300346,BUY,100,43.41,4341.0,0.0,0.0,主升浪启动,1111.17
2025-12-12,300308,SELL,300,587.0,176100.0,-5700.0,-3.14,止损,177211.17
2025-12-12,600549,BUY,4600,38.04,174984.0,0.0,0.0,主升浪启动,2227.17
2025-12-12,600039,BUY,200,10.25,2050.0,0.0,0.0,主升浪启动,177.17
2025-12-15,002292,SELL,200,9.41,1882.0,-66.0,-3.39,策略S点(破均线),2059.17
2025-12-15,002371,SELL,300,449.0,134700.0,-237.0,-0.18,策略S点(破均线),136759.17
2025-12-15,603650,BUY,2700,49.3,133110.0,0.0,0.0,主升浪启动,3649.17
2025-12-15,600988,BUY,100,32.69,3269.0,0.0,0.0,主升浪启动,380.17
2025-12-16,002353,SELL,1600,73.11,116976.0,-4416.0,-3.64,止损,117356.17
2025-12-16,600879,SELL,100,16.51,1651.0,425.0,34.67,止盈,119007.17
2025-12-16,600879,BUY,6800,17.4,118320.0,0.0,0.0,主升浪启动,687.17
2025-12-17,603650,SELL,2700,47.44,128088.0,-5022.0,-3.77,止损,128775.17
2025-12-17,002837,BUY,1300,92.95,120835.0,0.0,0.0,主升浪启动,7940.17
2025-12-17,002202,SELL,11700,16.31,190827.0,-7839.0,-3.95,止损,198767.17
2025-12-17,000975,BUY,8000,24.77,198160.0,0.0,0.0,主升浪启动,607.17
2025-12-17,600115,BUY,100,5.68,568.0,0.0,0.0,主升浪启动,39.17
2025-12-17,600988,SELL,100,31.27,3127.0,-142.0,-4.34,止损,3166.17
2025-12-18,600765,BUY,100,17.89,1789.0,0.0,0.0,主升浪启动,1377.17
2025-12-18,600039,SELL,200,9.9,1980.0,-70.0,-3.41,止损,3357.17
2025-12-18,000415,BUY,800,4.06,3248.0,0.0,0.0,主升浪启动,109.17
2025-12-18,300751,SELL,1200,152.19,182628.0,-9996.0,-5.19,止损,182737.17
2025-12-18,601058,SELL,1000,17.33,17330.0,-610.0,-3.4,策略S点(破均线),200067.17
2025-12-19,002532,BUY,14100,14.13,199254.01,0.0,0.0,主升浪启动,813.17
2025-12-19,300346,SELL,100,43.42,4342.0,1.0,0.02,策略S点(破均线),5155.17
2025-12-19,600859,BUY,300,15.52,4656.0,0.0,0.0,主升浪启动,499.17
2025-12-22,002544,SELL,6600,31.75,209550.0,12276.0,6.22,策略S点(破均线),210049.17
2025-12-22,600118,BUY,3100,63.46,196726.0,0.0,0.0,主升浪启动,13323.17
2025-12-22,002202,BUY,700,16.89,11823.0,0.0,0.0,主升浪启动,1500.17
2025-12-23,600879,SELL,6800,16.05,109140.0,-9180.0,-7.76,策略S点(破均线),110640.17
2025-12-23,002595,SELL,2500,83.04,207600.0,21350.0,11.46,策略S点(破均线),318240.17
2025-12-23,002371,BUY,400,481.42,192568.0,0.0,0.0,主升浪启动,125672.17
2025-12-23,002558,BUY,2600,47.0,122200.0,0.0,0.0,主升浪启动,3472.17
2025-12-23,002497,BUY,100,24.42,2442.0,0.0,0.0,主升浪启动,1030.17
2025-12-23,600219,BUY,200,5.02,1004.0,0.0,0.0,主升浪启动,26.17
2025-12-24,600118,SELL,3100,58.34,180854.0,-15872.0,-8.07,止损,180880.17
2025-12-24,300223,BUY,1600,107.19,171504.0,0.0,0.0,主升浪启动,9376.17
2025-12-24,002600,BUY,500,16.0,8000.0,0.0,0.0,主升浪启动,1376.17
2025-12-24,600765,SELL,100,17.19,1719.0,-70.0,-3.91,止损,3095.17
2025-12-24,000408,SELL,400,80.5,32200.0,5436.0,20.31,止盈,35295.17
2025-12-24,002465,BUY,2600,13.48,35048.0,0.0,0.0,主升浪启动,247.17
2025-12-25,000975,SELL,8000,24.08,192640.0,-5520.0,-2.79,策略S点(破均线),192887.17
2025-12-25,000830,BUY,11500,16.67,191705.0,0.0,0.0,主升浪启动,1182.17
2025-12-25,600549,SELL,4600,40.22,185012.0,10028.0,5.73,策略S点(破均线),186194.17
2025-12-25,600765,BUY,10000,18.48,184800.0,0.0,0.0,主升浪启动,1394.17
2025-12-26,000630,BUY,200,5.93,1186.0,0.0,0.0,主升浪启动,208.17
2025-12-26,002600,SELL,500,15.4,7700.0,-300.0,-3.75,策略S点(破均线),7908.17
2025-12-26,600497,BUY,1000,7.32,7320.0,0.0,0.0,主升浪启动,588.17
2025-12-26,600515,BUY,100,5.54,554.0,0.0,0.0,主升浪启动,34.17
2025-12-26,002558,SELL,2600,45.5,118300.0,-3900.0,-3.19,止损,118334.17
2025-12-26,601698,BUY,4100,28.31,116071.0,0.0,0.0,主升浪启动,2263.17
2025-12-26,600115,SELL,100,5.55,555.0,-13.0,-2.29,策略S点(破均线),2818.17
2025-12-29,600859,SELL,300,15.21,4563.0,-93.0,-2.0,策略S点(破均线),7381.17
2025-12-29,300699,BUY,100,40.05,4005.0,0.0,0.0,主升浪启动,3376.17
2025-12-29,002371,SELL,400,460.38,184152.0,-8416.0,-4.37,止损,187528.17
2025-12-29,002202,SELL,700,21.0,14700.0,2877.0,24.33,止盈,202228.17
2025-12-29,688017,BUY,1000,175.01,175010.0,0.0,0.0,主升浪启动,27218.17
2025-12-29,601111,BUY,2900,9.1,26390.0,0.0,0.0,主升浪启动,828.17
2025-12-30,600515,SELL,100,5.3,530.0,-24.0,-4.33,止损,1358.17
2025-12-30,000039,BUY,100,10.04,1004.0,0.0,0.0,主升浪启动,354.17
2025-12-30,600497,SELL,1000,7.01,7010.0,-310.0,-4.23,止损,7364.17
2025-12-30,000630,SELL,200,5.56,1112.0,-74.0,-6.24,止损,8476.17
2025-12-30,600346,BUY,300,22.43,6729.0,0.0,0.0,主升浪启动,1747.17
2025-12-31,300058,BUY,100,11.52,1152.0,0.0,0.0,主升浪启动,595.17
2025-12-31,000415,SELL,800,4.05,3240.0,-8.0,-0.25,策略S点(破均线),3835.17
2026-01-05,000792,BUY,100,30.98,3098.0,0.0,0.0,主升浪启动,737.17
2026-01-05,601698,SELL,4100,36.66,150306.0,34235.0,29.49,止盈,151043.17
2026-01-05,000408,BUY,1600,89.99,143984.0,0.0,0.0,主升浪启动,7059.17
2026-01-05,600673,BUY,300,23.41,7023.0,0.0,0.0,主升浪启动,36.17
2026-01-05,002465,SELL,2600,16.5,42900.0,7852.0,22.4,止盈,42936.17
2026-01-05,002465,BUY,2400,17.33,41592.0,0.0,0.0,主升浪启动,1344.17
2026-01-06,002497,SELL,100,24.57,2457.0,15.0,0.61,策略S点(破均线),3801.17
2026-01-06,002493,BUY,300,11.98,3594.0,0.0,0.0,主升浪启动,207.17
2026-01-06,002837,SELL,1300,102.5,133250.0,12415.0,10.27,策略S点(破均线),133457.17
2026-01-06,601899,BUY,3500,37.6,131600.0,0.0,0.0,主升浪启动,1857.17
2026-01-06,601233,BUY,100,18.19,1819.0,0.0,0.0,主升浪启动,38.17
2026-01-06,002532,SELL,14100,16.97,239216.98,39962.98,20.06,止盈,239255.15
2026-01-06,002532,BUY,11000,18.12,199312.68,0.0,0.0,主升浪启动,39942.47
2026-01-06,601336,BUY,400,80.8,32320.0,0.0,0.0,主升浪启动,7622.47
2026-01-06,002131,BUY,1100,6.63,7293.0,0.0,0.0,主升浪启动,329.47
2026-01-06,300699,SELL,100,38.15,3815.0,-190.0,-4.74,止损,4144.47
2026-01-06,600372,BUY,200,14.16,2832.0,0.0,0.0,主升浪启动,1312.47
2026-01-06,601377,BUY,100,7.77,777.0,0.0,0.0,主升浪启动,535.47
2026-01-07,000039,SELL,100,9.78,978.0,-26.0,-2.59,策略S点(破均线),1513.47
2026-01-07,300223,SELL,1600,131.0,209600.0,38096.0,22.21,止盈,211113.47
2026-01-07,688120,BUY,1000,174.0,174000.0,0.0,0.0,主升浪启动,37113.47
2026-01-07,300567,BUY,300,109.55,32865.0,0.0,0.0,主升浪启动,4248.47
2026-01-08,002389,BUY,100,25.71,2571.0,0.0,0.0,主升浪启动,1677.47
2026-01-08,600637,BUY,100,12.11,1211.0,0.0,0.0,主升浪启动,466.47
2026-01-08,300058,SELL,100,14.26,1426.0,274.0,23.78,止盈,1892.47
2026-01-08,601899,SELL,3500,36.2,126700.0,-4900.0,-3.72,止损,128592.47
2026-01-08,300118,BUY,7300,17.4,127020.0,0.0,0.0,主升浪启动,1572.47
2026-01-08,300253,BUY,100,9.5,950.0,0.0,0.0,主升浪启动,622.47
2026-01-08,601377,SELL,100,7.28,728.0,-49.0,-6.31,策略S点(破均线),1350.47
2026-01-09,300567,SELL,300,105.5,31650.0,-1215.0,-3.7,止损,33000.47
2026-01-09,688005,BUY,800,34.78,27824.0,0.0,0.0,主升浪启动,5176.47
2026-01-09,000878,BUY,200,22.18,4436.0,0.0,0.0,主升浪启动,740.47
2026-01-09,000408,SELL,1600,86.0,137600.0,-6384.0,-4.43,止损,138340.47
2026-01-09,600547,BUY,3100,43.76,135656.0,0.0,0.0,主升浪启动,2684.47
2026-01-09,601111,SELL,2900,8.98,26042.0,-348.0,-1.32,策略S点(破均线),28726.47
2026-01-09,600879,BUY,1000,28.69,28690.0,0.0,0.0,主升浪启动,36.47
2026-01-09,002465,SELL,2400,21.86,52464.0,10872.0,26.14,止盈,52500.47
2026-01-09,688002,BUY,400,107.07,42828.0,0.0,0.0,主升浪启动,9672.47
2026-01-09,600498,BUY,200,38.93,7786.0,0.0,0.0,主升浪启动,1886.47
2026-01-09,002532,SELL,11000,17.21,189357.98,-9954.69,-4.99,止损,191244.45
2026-01-09,002008,BUY,4300,44.4,190920.0,0.0,0.0,主升浪启动,324.45
2026-01-12,002131,SELL,1100,8.21,9031.0,1738.0,23.83,止盈,9355.45
2026-01-12,002493,SELL,300,11.58,3474.0,-120.0,-3.34,止损,12829.45
2026-01-12,002738,BUY,100,85.0,8500.0,0.0,0.0,主升浪启动,4329.45
2026-01-12,601233,SELL,100,17.36,1736.0,-83.0,-4.56,策略S点(破均线),6065.45
2026-01-12,000738,BUY,200,24.87,4974.0,0.0,0.0,主升浪启动,1091.45
2026-01-12,002292,BUY,100,10.85,1085.0,0.0,0.0,主升浪启动,6.45
2026-01-12,600673,SELL,300,30.09,9027.0,2004.0,28.53,止盈,9033.45
2026-01-12,002517,BUY,300,26.41,7923.0,0.0,0.0,主升浪启动,1110.45
2026-01-12,601872,BUY,100,10.7,1070.0,0.0,0.0,主升浪启动,40.45
2026-01-12,000830,SELL,11500,16.72,192280.0,575.0,0.3,策略S点(破均线),192320.45
2026-01-12,002223,BUY,4400,43.45,191180.0,0.0,0.0,主升浪启动,1140.45
2026-01-12,002607,BUY,300,2.99,897.0,0.0,0.0,主升浪启动,243.45
2026-01-12,300253,SELL,100,11.52,1152.0,202.0,21.26,止盈,1395.45
2026-01-12,300253,BUY,100,12.97,1297.0,0.0,0.0,主升浪启动,98.45
2026-01-12,600637,SELL,100,14.65,1465.0,254.0,20.97,止盈,1563.45
2026-01-13,002008,SELL,4300,41.77,179611.0,-11309.0,-5.92,策略S点(破均线),181174.45
2026-01-13,600312,BUY,9100,19.78,179998.0,0.0,0.0,主升浪启动,1176.45
2026-01-13,600498,SELL,200,47.1,9420.0,1634.0,20.99,止盈,10596.45
2026-01-13,600089,BUY,300,27.37,8211.0,0.0,0.0,主升浪启动,2385.45
2026-01-13,601179,BUY,100,12.4,1240.0,0.0,0.0,主升浪启动,1145.45
2026-01-13,600765,SELL,10000,19.13,191300.0,6500.0,3.52,策略S点(破均线),192445.45
2026-01-13,600118,BUY,1500,121.52,182280.0,0.0,0.0,主升浪启动,10165.45
2026-01-13,000975,BUY,300,26.97,8091.0,0.0,0.0,主升浪启动,2074.45
2026-01-14,002292,SELL,100,10.25,1025.0,-60.0,-5.53,止损,3099.45
2026-01-14,002195,BUY,200,13.19,2638.0,0.0,0.0,主升浪启动,461.45
2026-01-14,002738,SELL,100,83.0,8300.0,-200.0,-2.35,策略S点(破均线),8761.45
2026-01-14,600118,SELL,1500,117.0,175500.0,-6780.0,-3.72,止损,184261.45
2026-01-14,002648,BUY,9700,18.98,184106.0,0.0,0.0,主升浪启动,155.45
2026-01-14,000738,SELL,200,22.69,4538.0,-436.0,-8.77,止损,4693.45
2026-01-14,000725,BUY,1000,4.6,4600.0,0.0,0.0,主升浪启动,93.45
2026-01-15,688002,SELL,400,102.6,41040.0,-1788.0,-4.17,止损,41133.45
2026-01-15,603993,BUY,1700,24.05,40885.0,0.0,0.0,主升浪启动,248.45
2026-01-15,600089,SELL,300,26.2,7860.0,-351.0,-4.27,止损,8108.45
2026-01-15,600089,BUY,200,28.49,5698.0,0.0,0.0,主升浪启动,2410.45
2026-01-15,000683,BUY,300,7.78,2334.0,0.0,0.0,主升浪启动,76.45
2026-01-15,600879,SELL,1000,27.37,27370.0,-1320.0,-4.6,止损,27446.45
2026-01-15,002389,SELL,100,25.41,2541.0,-30.0,-1.17,策略S点(破均线),29987.45
2026-01-15,603799,BUY,300,79.2,23760.0,0.0,0.0,主升浪启动,6227.45
2026-01-15,600362,BUY,100,62.0,6200.0,0.0,0.0,主升浪启动,27.45
2026-01-15,002195,SELL,200,12.07,2414.0,-224.0,-8.49,止损,2441.45
2026-01-16,300083,BUY,200,9.9,1980.0,0.0,0.0,主升浪启动,461.45
2026-01-16,002223,SELL,4400,40.5,178200.0,-12980.0,-6.79,策略S点(破均线),178661.45
2026-01-16,600584,BUY,3600,48.39,174204.0,0.0,0.0,主升浪启动,4457.45
2026-01-16,300316,BUY,100,42.1,4210.0,0.0,0.0,主升浪启动,247.45
2026-01-16,600372,SELL,200,14.37,2874.0,42.0,1.48,策略S点(破均线),3121.45
2026-01-16,002414,BUY,100,17.97,1797.0,0.0,0.0,主升浪启动,1324.45
2026-01-19,000878,SELL,200,21.88,4376.0,-60.0,-1.35,策略S点(破均线),5700.45
2026-01-19,688005,SELL,800,29.88,23904.0,-3920.0,-14.09,止损,29604.45
2026-01-19,002028,BUY,100,204.49,20449.0,0.0,0.0,主升浪启动,9155.45
2026-01-19,002001,BUY,300,26.61,7983.0,0.0,0.0,主升浪启动,1172.45
2026-01-19,688017,SELL,1000,223.0,223000.0,47990.0,27.42,止盈,224172.45
2026-01-19,600489,BUY,7400,26.95,199430.0,0.0,0.0,主升浪启动,24742.45
2026-01-19,300012,BUY,1600,15.21,24336.0,0.0,0.0,主升浪启动,406.45
2026-01-19,002607,SELL,300,2.94,882.0,-15.0,-1.67,策略S点(破均线),1288.45
2026-01-19,601216,BUY,200,5.76,1152.0,0.0,0.0,主升浪启动,136.45
2026-01-19,300253,SELL,100,12.3,1230.0,-67.0,-5.17,止损,1366.45
2026-01-19,002266,BUY,300,4.51,1353.0,0.0,0.0,主升浪启动,13.45
2026-01-19,601336,SELL,400,80.71,32284.0,-36.0,-0.11,策略S点(破均线),32297.45
2026-01-19,600754,BUY,1100,27.54,30294.0,0.0,0.0,主升浪启动,2003.45
2026-01-19,000830,BUY,100,18.33,1833.0,0.0,0.0,主升浪启动,170.45
2026-01-19,600089,SELL,200,27.18,5436.0,-262.0,-4.6,止损,5606.45
2026-01-19,600089,BUY,100,30.5,3050.0,0.0,0.0,主升浪启动,2556.45
2026-01-19,600352,BUY,200,11.48,2296.0,0.0,0.0,主升浪启动,260.45
2026-01-19,000725,SELL,1000,4.43,4430.0,-170.0,-3.7,止损,4690.45
2026-01-19,600096,BUY,100,35.98,3598.0,0.0,0.0,主升浪启动,1092.45
2026-01-19,600166,BUY,300,3.05,915.0,0.0,0.0,主升浪启动,177.45
2026-01-20,603799,SELL,300,75.04,22512.0,-1248.0,-5.25,策略S点(破均线),22689.45
2026-01-20,600989,BUY,1000,21.89,21890.0,0.0,0.0,主升浪启动,799.45
2026-01-20,600219,SELL,200,6.2,1240.0,236.0,23.51,止盈,2039.45
2026-01-20,600219,BUY,300,6.6,1980.0,0.0,0.0,主升浪启动,59.45
2026-01-20,002414,SELL,100,17.35,1735.0,-62.0,-3.45,止损,1794.45
2026-01-20,300118,SELL,7300,16.74,122202.0,-4818.0,-3.79,策略S点(破均线),123996.45
2026-01-20,002130,BUY,4000,30.62,122480.0,0.0,0.0,主升浪启动,1516.45
2026-01-20,601179,SELL,100,15.0,1500.0,260.0,20.97,止盈,3016.45
2026-01-20,601179,BUY,100,15.63,1563.0,0.0,0.0,主升浪启动,1453.45
2026-01-20,002064,BUY,100,13.39,1339.0,0.0,0.0,主升浪启动,114.45
2026-01-20,002517,SELL,300,25.56,7668.0,-255.0,-3.22,策略S点(破均线),7782.45
2026-01-20,603833,BUY,100,56.9,5690.0,0.0,0.0,主升浪启动,2092.45
2026-01-21,600176,BUY,100,20.44,2044.0,0.0,0.0,主升浪启动,48.45
2026-01-21,300083,SELL,200,9.52,1904.0,-76.0,-3.84,止损,1952.45
2026-01-21,600839,BUY,100,10.93,1093.0,0.0,0.0,主升浪启动,859.45
2026-01-21,000975,SELL,300,33.4,10020.0,1929.0,23.84,止盈,10879.45
2026-01-21,000975,BUY,300,34.79,10437.0,0.0,0.0,主升浪启动,442.45
2026-01-21,002028,SELL,100,192.79,19279.0,-1170.0,-5.72,止损,19721.45
2026-01-21,002049,BUY,200,86.36,17272.0,0.0,0.0,主升浪启动,2449.45
2026-01-21,002185,BUY,100,14.18,1418.0,0.0,0.0,主升浪启动,1031.45
2026-01-21,603993,SELL,1700,22.88,38896.0,-1989.0,-4.86,止损,39927.45
2026-01-21,603077,BUY,16400,2.43,39852.0,0.0,0.0,主升浪启动,75.45
2026-01-22,000975,SELL,300,33.02,9906.0,-531.0,-5.09,止损,9981.45
2026-01-22,601233,BUY,400,20.54,8216.0,0.0,0.0,主升浪启动,1765.45
2026-01-22,600372,BUY,100,16.55,1655.0,0.0,0.0,主升浪启动,110.45
2026-01-23,600089,SELL,100,28.91,2891.0,-159.0,-5.21,止损,3001.45
2026-01-23,002405,BUY,200,11.24,2248.0,0.0,0.0,主升浪启动,753.45
2026-01-23,601872,SELL,100,10.81,1081.0,11.0,1.03,策略S点(破均线),1834.45
2026-01-23,000301,BUY,100,12.08,1208.0,0.0,0.0,主升浪启动,626.45
2026-01-23,601000,BUY,100,4.2,420.0,0.0,0.0,主升浪启动,206.45
2026-01-23,600362,SELL,100,59.61,5961.0,-239.0,-3.85,策略S点(破均线),6167.45
2026-01-23,300457,BUY,200,30.7,6140.0,0.0,0.0,主升浪启动,27.45
2026-01-23,600346,SELL,300,26.98,8094.0,1365.0,20.29,止盈,8121.45
2026-01-26,601168,BUY,200,34.86,6971.24,0.0,0.0,主升浪启动,1150.21
2026-01-26,600584,SELL,3600,47.31,170316.0,-3888.0,-2.23,策略S点(破均线),171466.21
2026-01-26,000878,BUY,6800,25.15,171020.0,0.0,0.0,主升浪启动,446.21
2026-01-26,002064,SELL,100,12.6,1260.0,-79.0,-5.9,止损,1706.21
2026-01-26,600026,BUY,100,15.17,1517.0,0.0,0.0,主升浪启动,189.21
2026-01-26,600754,SELL,1100,26.95,29645.0,-649.0,-2.14,策略S点(破均线),29834.21
2026-01-26,000975,BUY,700,37.98,26586.0,0.0,0.0,主升浪启动,3248.21
2026-01-26,601677,BUY,100,17.15,1715.0,0.0,0.0,主升浪启动,1533.21
2026-01-26,600028,BUY,200,6.38,1276.0,0.0,0.0,主升浪启动,257.21
2026-01-26,600547,SELL,3100,52.66,163246.0,27590.0,20.34,止盈,163503.21
2026-01-26,600547,BUY,2900,55.74,161646.0,0.0,0.0,主升浪启动,1857.21
2026-01-26,601808,BUY,100,16.36,1636.0,0.0,0.0,主升浪启动,221.21
2026-01-27,600839,SELL,100,10.51,1051.0,-42.0,-3.84,止损,1272.21
2026-01-27,600667,BUY,100,9.85,985.0,0.0,0.0,主升浪启动,287.21
2026-01-27,000878,SELL,6800,24.35,165580.0,-5440.0,-3.18,止损,165867.21
2026-01-27,300457,SELL,200,29.46,5892.0,-248.0,-4.04,止损,171759.21
2026-01-27,601615,BUY,6800,25.2,171360.0,0.0,0.0,主升浪启动,399.21
2026-01-27,600547,SELL,2900,53.5,155150.0,-6496.0,-4.02,止损,155549.21
2026-01-27,300567,BUY,1000,148.97,148970.0,0.0,0.0,主升浪启动,6579.21
2026-01-27,600372,SELL,100,15.8,1580.0,-75.0,-4.53,止损,8159.21
2026-01-27,002318,BUY,200,33.0,6600.0,0.0,0.0,主升浪启动,1559.21
2026-01-27,000975,SELL,700,36.1,25270.0,-1316.0,-4.95,止损,26829.21
2026-01-27,300763,BUY,300,88.9,26670.0,0.0,0.0,主升浪启动,159.21
2026-01-27,002405,SELL,200,10.82,2164.0,-84.0,-3.74,止损,2323.21
2026-01-27,000830,SELL,100,18.94,1894.0,61.0,3.33,策略S点(破均线),4217.21
2026-01-27,002185,SELL,100,13.27,1327.0,-91.0,-6.42,止损,5544.21
2026-01-27,002185,BUY,300,14.66,4398.0,0.0,0.0,主升浪启动,1146.21
2026-01-28,002130,SELL,4000,29.32,117280.0,-5200.0,-4.25,策略S点(破均线),118426.21
2026-01-28,600111,BUY,2200,52.89,116358.0,0.0,0.0,主升浪启动,2068.21
2026-01-28,002244,BUY,100,11.24,1124.0,0.0,0.0,主升浪启动,944.21
2026-01-28,000629,BUY,200,4.33,866.0,0.0,0.0,主升浪启动,78.21
2026-01-28,600489,SELL,7400,35.0,259000.0,59570.0,29.87,止盈,259078.21
2026-01-28,600489,BUY,5300,37.71,199863.0,0.0,0.0,主升浪启动,59215.21
2026-01-28,002532,BUY,2800,20.61,57695.46,0.0,0.0,主升浪启动,1519.75
2026-01-28,600170,BUY,400,3.18,1272.0,0.0,0.0,主升浪启动,247.75
2026-01-29,600166,SELL,300,3.1,930.0,15.0,1.64,策略S点(破均线),1177.75
2026-01-29,300012,SELL,1600,15.71,25136.0,800.0,3.29,策略S点(破均线),26313.75
2026-01-29,002271,BUY,1400,17.95,25130.0,0.0,0.0,主升浪启动,1183.75
2026-01-29,300567,SELL,1000,134.0,134000.0,-14970.0,-10.05,策略S点(破均线),135183.75
2026-01-29,001979,BUY,12400,10.88,134912.0,0.0,0.0,主升浪启动,271.75
2026-01-29,600219,SELL,300,8.09,2427.0,447.0,22.58,止盈,2698.75
2026-01-29,600219,BUY,300,8.16,2448.0,0.0,0.0,主升浪启动,250.75
2026-01-29,002648,SELL,9700,24.5,237650.0,53544.0,29.08,止盈,237900.75
2026-01-29,000792,SELL,100,34.2,3420.0,322.0,10.39,策略S点(破均线),241320.75
2026-01-29,600418,BUY,3600,55.01,198036.0,0.0,0.0,主升浪启动,43284.75
2026-01-29,688120,SELL,1000,192.0,192000.0,18000.0,10.34,策略S点(破均线),235284.75
2026-01-29,300017,BUY,11900,16.8,199920.0,0.0,0.0,主升浪启动,35364.75
2026-01-29,600352,SELL,200,14.8,2960.0,664.0,28.92,止盈,38324.75
2026-01-29,600352,BUY,2400,15.47,37128.0,0.0,0.0,主升浪启动,1196.75
2026-01-29,002049,SELL,200,84.26,16852.0,-420.0,-2.43,策略S点(破均线),18048.75
2026-01-29,000831,BUY,300,58.61,17583.0,0.0,0.0,主升浪启动,465.75
2026-01-29,300763,SELL,300,84.76,25428.0,-1242.0,-4.66,止损,25893.75
2026-01-29,601179,SELL,100,15.0,1500.0,-63.0,-4.03,止损,27393.75
2026-01-29,600763,BUY,500,47.49,23745.0,0.0,0.0,主升浪启动,3648.75
2026-01-29,600312,SELL,9100,21.47,195377.0,15379.0,8.54,策略S点(破均线),199025.75
2026-01-29,601600,BUY,12600,15.7,197820.0,0.0,0.0,主升浪启动,1205.75
2026-01-30,600219,SELL,300,7.7,2310.0,-138.0,-5.64,止损,3515.75
2026-01-30,600499,BUY,100,17.69,1769.0,0.0,0.0,主升浪启动,1746.75
2026-01-30,300316,SELL,100,44.52,4452.0,242.0,5.75,策略S点(破均线),6198.75
2026-01-30,000629,SELL,200,4.03,806.0,-60.0,-6.93,止损,7004.75
2026-01-30,000831,SELL,300,56.6,16980.0,-603.0,-3.43,止损,23984.75
2026-01-30,600763,SELL,500,46.0,23000.0,-745.0,-3.14,策略S点(破均线),46984.75
2026-01-30,600522,BUY,2100,22.34,46914.0,0.0,0.0,主升浪启动,70.75
2026-01-30,002266,SELL,300,4.86,1458.0,105.0,7.76,策略S点(破均线),1528.75
2026-01-30,002532,SELL,2800,19.09,53462.98,-4232.49,-7.34,止损,54991.73
2026-01-30,000998,BUY,5200,10.51,54652.0,0.0,0.0,主升浪启动,339.73
2026-01-30,601600,SELL,12600,14.7,185220.0,-12600.0,-6.37,止损,185559.73
2026-01-30,600170,SELL,400,3.0,1200.0,-72.0,-5.66,止损,186759.73
2026-01-30,000683,SELL,300,8.45,2535.0,201.0,8.61,策略S点(破均线),189294.73
2026-01-30,601615,SELL,6800,23.5,159800.0,-11560.0,-6.75,止损,349094.73
2026-01-30,688521,BUY,800,222.01,177608.0,0.0,0.0,主升浪启动,171486.73
2026-01-30,603077,SELL,16400,2.53,41492.0,1640.0,4.12,策略S点(破均线),212978.73
2026-02-02,601168,SELL,200,32.0,6399.96,-571.28,-8.19,止损,219378.69
2026-02-02,002318,SELL,200,31.68,6336.0,-264.0,-4.0,策略S点(破均线),225714.69
2026-02-02,002001,SELL,300,26.24,7872.0,-111.0,-1.39,策略S点(破均线),233586.69
2026-02-02,601808,SELL,100,15.83,1583.0,-53.0,-3.24,止损,235169.69
2026-02-02,688521,SELL,800,215.0,172000.0,-5608.0,-3.16,止损,407169.69
2026-02-02,600176,SELL,100,20.15,2015.0,-29.0,-1.42,策略S点(破均线),409184.69
2026-02-02,002185,SELL,300,14.07,4221.0,-177.0,-4.02,策略S点(破均线),413405.69
2026-02-02,002938,BUY,3400,58.79,199886.0,0.0,0.0,主升浪启动,213519.69
2026-02-02,300316,BUY,4200,46.93,197106.0,0.0,0.0,主升浪启动,16413.69
2026-02-02,600418,SELL,3600,52.51,189036.0,-9000.0,-4.54,策略S点(破均线),205449.69
2026-02-02,600111,SELL,2200,49.02,107844.0,-8514.0,-7.32,止损,313293.69
2026-02-02,600096,SELL,100,35.04,3504.0,-94.0,-2.61,策略S点(破均线),316797.69
2026-02-02,600489,SELL,5300,33.21,176013.0,-23850.0,-11.93,止损,492810.69
2026-02-02,600352,SELL,2400,15.0,36000.0,-1128.0,-3.04,止损,528810.69
2026-02-02,601233,SELL,400,20.09,8036.0,-180.0,-2.19,策略S点(破均线),536846.69
2026-02-02,600499,SELL,100,16.91,1691.0,-78.0,-4.41,止损,538537.69
2026-02-02,601216,SELL,200,5.53,1106.0,-46.0,-3.99,策略S点(破均线),539643.69
2026-02-02,002244,SELL,100,10.92,1092.0,-32.0,-2.85,策略S点(破均线),540735.69
2026-02-02,600989,SELL,1000,21.66,21660.0,-230.0,-1.05,策略S点(破均线),562395.69
2026-02-02,601677,SELL,100,16.11,1611.0,-104.0,-6.06,止损,564006.69
2026-02-02,001979,SELL,12400,10.18,126232.0,-8680.0,-6.43,止损,690238.69
2026-02-02,002271,SELL,1400,17.1,23940.0,-1190.0,-4.74,止损,714178.69
2026-02-03,688777,BUY,2000,92.0,184000.0,0.0,0.0,主升浪启动,530178.69
2026-02-03,300383,BUY,12100,16.4,198440.0,0.0,0.0,主升浪启动,331738.69
2026-02-03,601799,BUY,1300,143.87,187031.0,0.0,0.0,主升浪启动,144707.69
2026-02-03,002353,BUY,1500,94.2,141300.0,0.0,0.0,主升浪启动,3407.69
2026-02-03,000157,BUY,300,9.35,2805.0,0.0,0.0,主升浪启动,602.69
2026-02-03,600028,SELL,200,6.3,1260.0,-16.0,-1.25,策略S点(破均线),1862.69
2026-02-03,002244,BUY,100,11.5,1150.0,0.0,0.0,主升浪启动,712.69
2026-02-03,000998,SELL,5200,10.17,52884.0,-1768.0,-3.24,止损,53596.69
2026-02-03,300394,BUY,100,270.0,27000.0,0.0,0.0,主升浪启动,26596.69
2026-02-03,688223,BUY,3600,7.0,25200.0,0.0,0.0,主升浪启动,1396.69
2026-02-03,000630,BUY,100,7.84,784.0,0.0,0.0,主升浪启动,612.69
2026-02-04,000415,BUY,100,4.61,461.0,0.0,0.0,主升浪启动,151.69
2026-02-04,600667,SELL,100,9.85,985.0,0.0,0.0,策略S点(破均线),1136.69
2026-02-04,300383,SELL,12100,15.0,181500.0,-16940.0,-8.54,策略S点(破均线),182636.69
2026-02-04,000039,BUY,16000,11.41,182560.0,0.0,0.0,主升浪启动,76.69
2026-02-04,000630,SELL,100,7.66,766.0,-18.0,-2.3,策略S点(破均线),842.69
2026-02-05,002353,SELL,1500,87.0,130500.0,-10800.0,-7.64,策略S点(破均线),131342.69
2026-02-05,688777,SELL,2000,87.0,174000.0,-10000.0,-5.43,止损,305342.69
2026-02-05,600763,BUY,3900,50.82,198198.0,0.0,0.0,主升浪启动,107144.69
2026-02-05,300316,SELL,4200,57.55,241710.0,44604.0,22.63,止盈,348854.69
2026-02-05,600522,SELL,2100,20.86,43806.0,-3108.0,-6.62,策略S点(破均线),392660.69
2026-02-05,000301,SELL,100,12.53,1253.0,45.0,3.73,策略S点(破均线),393913.69
2026-02-05,300251,BUY,9500,20.84,197980.0,0.0,0.0,主升浪启动,195933.69
2026-02-05,300144,BUY,21500,9.11,195865.0,0.0,0.0,主升浪启动,68.69
2026-02-05,002938,SELL,3400,58.02,197268.0,-2618.0,-1.31,策略S点(破均线),197336.69
2026-02-05,300394,SELL,100,253.33,25333.0,-1667.0,-6.17,止损,222669.69
2026-02-05,600754,BUY,7000,28.44,199080.0,0.0,0.0,主升浪启动,23589.69
2026-02-06,600236,BUY,2600,8.97,23322.0,0.0,0.0,主升浪启动,267.69
2026-02-06,601000,SELL,100,4.27,427.0,7.0,1.67,策略S点(破均线),694.69
2026-02-09,300144,SELL,21500,8.8,189200.0,-6665.0,-3.4,止损,189894.69
2026-02-09,605117,BUY,2000,93.14,186280.0,0.0,0.0,主升浪启动,3614.69
2026-02-09,000039,SELL,16000,10.87,173920.0,-8640.0,-4.73,止损,177534.69
2026-02-09,600522,BUY,7500,23.46,175950.0,0.0,0.0,主升浪启动,1584.69
2026-02-09,688223,SELL,3600,8.82,31752.0,6552.0,26.0,止盈,33336.69
2026-02-09,600875,BUY,1100,28.77,31647.0,0.0,0.0,主升浪启动,1689.69
2026-02-09,600352,BUY,100,16.37,1637.0,0.0,0.0,主升浪启动,52.69
2026-02-10,600763,SELL,3900,49.08,191412.0,-6786.0,-3.42,止损,191464.69
2026-02-10,600487,BUY,4600,41.51,190946.0,0.0,0.0,主升浪启动,518.69
2026-02-10,600236,SELL,2600,8.69,22594.0,-728.0,-3.12,止损,23112.69
2026-02-10,603833,SELL,100,60.56,6056.0,366.0,6.43,策略S点(破均线),29168.69
2026-02-10,002739,BUY,2100,13.87,29127.0,0.0,0.0,主升浪启动,41.69
2026-02-10,002244,SELL,100,11.67,1167.0,17.0,1.48,策略S点(破均线),1208.69
2026-02-10,300144,BUY,100,9.32,932.0,0.0,0.0,主升浪启动,276.69
2026-02-11,002739,SELL,2100,13.14,27594.0,-1533.0,-5.26,止损,27870.69
2026-02-11,600176,BUY,1000,25.65,25650.0,0.0,0.0,主升浪启动,2220.69
2026-02-11,300251,SELL,9500,26.1,247950.0,49970.0,25.24,止盈,250170.69
2026-02-11,300251,BUY,7400,26.86,198764.0,0.0,0.0,主升浪启动,51406.69
2026-02-11,600418,BUY,900,56.7,51030.0,0.0,0.0,主升浪启动,376.69
2026-02-11,600487,SELL,4600,39.7,182620.0,-8326.0,-4.36,止损,182996.69
2026-02-11,002497,BUY,6800,26.61,180948.0,0.0,0.0,主升浪启动,2048.69
2026-02-11,002493,BUY,100,15.41,1541.0,0.0,0.0,主升浪启动,507.69
2026-02-12,600754,SELL,7000,27.51,192570.0,-6510.0,-3.27,止损,193077.69
2026-02-12,300144,SELL,100,9.0,900.0,-32.0,-3.43,止损,193977.69
2026-02-12,600392,BUY,6200,30.91,191642.0,0.0,0.0,主升浪启动,2335.69
2026-02-12,300017,SELL,11900,20.68,246092.0,46172.0,23.1,止盈,248427.69
2026-02-12,300017,BUY,9000,22.12,199080.0,0.0,0.0,主升浪启动,49347.69
2026-02-12,300383,BUY,2600,18.52,48152.0,0.0,0.0,主升浪启动,1195.69
2026-02-12,000967,BUY,100,7.53,753.0,0.0,0.0,主升浪启动,442.69
2026-02-12,300251,SELL,7400,25.5,188700.0,-10064.0,-5.06,止损,189142.69
2026-02-12,600482,BUY,5900,31.81,187679.0,0.0,0.0,主升浪启动,1463.69
2026-02-13,002493,SELL,100,14.85,1485.0,-56.0,-3.63,止损,2948.69
2026-02-13,600026,SELL,100,18.41,1841.0,324.0,21.36,止盈,4789.69
2026-02-13,300251,BUY,100,27.22,2722.0,0.0,0.0,主升浪启动,2067.69
2026-02-24,300251,SELL,100,23.14,2314.0,-408.0,-14.99,止损,4381.69
2026-02-24,601808,BUY,200,17.38,3476.0,0.0,0.0,主升浪启动,905.69
2026-02-24,601390,BUY,100,6.05,605.0,0.0,0.0,主升浪启动,300.69
2026-02-24,300383,SELL,2600,17.55,45630.0,-2522.0,-5.24,止损,45930.69
2026-02-24,002432,BUY,1000,44.57,44570.0,0.0,0.0,主升浪启动,1360.69
2026-02-24,600166,BUY,400,3.28,1312.0,0.0,0.0,主升浪启动,48.69
2026-02-25,600392,SELL,6200,29.51,182962.0,-8680.0,-4.53,止损,183010.69
2026-02-25,600392,BUY,5700,31.58,180006.0,0.0,0.0,主升浪启动,3004.69
2026-02-25,603077,BUY,1000,2.88,2880.0,0.0,0.0,主升浪启动,124.69
2026-02-26,002497,SELL,6800,26.44,179792.0,-1156.0,-0.64,策略S点(破均线),179916.69
2026-02-26,000683,BUY,19100,9.41,179731.0,0.0,0.0,主升浪启动,185.69
2026-02-26,600418,SELL,900,55.25,49725.0,-1305.0,-2.56,策略S点(破均线),49910.69
2026-02-26,300395,BUY,300,130.02,39006.0,0.0,0.0,主升浪启动,10904.69
2026-02-26,300285,BUY,200,36.6,7320.0,0.0,0.0,主升浪启动,3584.69
2026-02-26,002001,BUY,100,31.06,3106.0,0.0,0.0,主升浪启动,478.69
2026-02-26,300017,SELL,9000,20.5,184500.0,-14580.0,-7.32,止损,184978.69
2026-02-26,000708,BUY,10600,17.33,183698.0,0.0,0.0,主升浪启动,1280.69
2026-02-27,000629,BUY,300,4.25,1275.0,0.0,0.0,主升浪启动,5.69
2026-02-27,600875,SELL,1100,38.05,41855.0,10208.0,32.26,止盈,41860.69
2026-02-27,000415,SELL,100,5.26,526.0,65.0,14.1,策略S点(破均线),42386.69
2026-02-27,000831,BUY,600,64.98,38988.0,0.0,0.0,主升浪启动,3398.69
2026-02-27,002497,BUY,100,27.73,2773.0,0.0,0.0,主升浪启动,625.69
